-- MySQL dump 10.13  Distrib 5.6.16, for osx10.9 (x86_64)
--
-- Host: localhost    Database: eliza
-- ------------------------------------------------------
-- Server version	5.6.16

/*!40101 SET @OLD_CHARACTER_SET_CLIENT=@@CHARACTER_SET_CLIENT */;
/*!40101 SET @OLD_CHARACTER_SET_RESULTS=@@CHARACTER_SET_RESULTS */;
/*!40101 SET @OLD_COLLATION_CONNECTION=@@COLLATION_CONNECTION */;
/*!40101 SET NAMES utf8 */;
/*!40103 SET @OLD_TIME_ZONE=@@TIME_ZONE */;
/*!40103 SET TIME_ZONE='+00:00' */;
/*!40014 SET @OLD_UNIQUE_CHECKS=@@UNIQUE_CHECKS, UNIQUE_CHECKS=0 */;
/*!40014 SET @OLD_FOREIGN_KEY_CHECKS=@@FOREIGN_KEY_CHECKS, FOREIGN_KEY_CHECKS=0 */;
/*!40101 SET @OLD_SQL_MODE=@@SQL_MODE, SQL_MODE='NO_AUTO_VALUE_ON_ZERO' */;
/*!40111 SET @OLD_SQL_NOTES=@@SQL_NOTES, SQL_NOTES=0 */;

--
-- Table structure for table `authorities`
--

DROP TABLE IF EXISTS `authorities`;
/*!40101 SET @saved_cs_client     = @@character_set_client */;
/*!40101 SET character_set_client = utf8 */;
CREATE TABLE `authorities` (
  `username` char(50) NOT NULL,
  `authority` char(50) NOT NULL,
  KEY `fk_authorities_users` (`username`)
) ENGINE=MyISAM DEFAULT CHARSET=latin1;
/*!40101 SET character_set_client = @saved_cs_client */;

--
-- Dumping data for table `authorities`
--

LOCK TABLES `authorities` WRITE;
/*!40000 ALTER TABLE `authorities` DISABLE KEYS */;
INSERT INTO `authorities` VALUES ('user@me.com','ROLE_ADMIN'),('normal@me.com','ROLE_AUTH'),('test@me.com','ROLE_AUTH'),('youthemandme@gmail.com','ROLE_ADMIN'),('elizasoward@gmail.com','ROLE_AUTH'),('guest@guest.com','ROLE_AUTH');
/*!40000 ALTER TABLE `authorities` ENABLE KEYS */;
UNLOCK TABLES;

--
-- Table structure for table `awards`
--

DROP TABLE IF EXISTS `awards`;
/*!40101 SET @saved_cs_client     = @@character_set_client */;
/*!40101 SET character_set_client = utf8 */;
CREATE TABLE `awards` (
  `id` int(11) NOT NULL AUTO_INCREMENT,
  `name` varchar(45) NOT NULL,
  `createdDt` datetime DEFAULT NULL,
  `createdBy` varchar(100) DEFAULT NULL,
  `title` varchar(100) DEFAULT NULL,
  `cost` varchar(40) DEFAULT NULL,
  PRIMARY KEY (`id`),
  UNIQUE KEY `unique_id` (`id`)
) ENGINE=MyISAM AUTO_INCREMENT=119 DEFAULT CHARSET=latin1;
/*!40101 SET character_set_client = @saved_cs_client */;

--
-- Dumping data for table `awards`
--

LOCK TABLES `awards` WRITE;
/*!40000 ALTER TABLE `awards` DISABLE KEYS */;
INSERT INTO `awards` VALUES (117,'IMG_5125.JPG','2014-04-18 16:43:43','user@me.com','scottTest','3'),(118,'IMG_5145.JPG','2014-04-18 17:00:13','user@me.com','kidsUpsidedown','2');
/*!40000 ALTER TABLE `awards` ENABLE KEYS */;
UNLOCK TABLES;

--
-- Table structure for table `complements`
--

DROP TABLE IF EXISTS `complements`;
/*!40101 SET @saved_cs_client     = @@character_set_client */;
/*!40101 SET character_set_client = utf8 */;
CREATE TABLE `complements` (
  `id` int(11) NOT NULL AUTO_INCREMENT,
  `name` varchar(200) NOT NULL,
  `createdBy` varchar(40) DEFAULT NULL,
  `createdDt` date DEFAULT NULL,
  PRIMARY KEY (`id`),
  UNIQUE KEY `unique_id` (`id`)
) ENGINE=MyISAM AUTO_INCREMENT=44 DEFAULT CHARSET=latin1;
/*!40101 SET character_set_client = @saved_cs_client */;

--
-- Dumping data for table `complements`
--

LOCK TABLES `complements` WRITE;
/*!40000 ALTER TABLE `complements` DISABLE KEYS */;
INSERT INTO `complements` VALUES (36,'Evidentiary Family Restoration - Getting a youth home and keeping it that way!','user@me.com','2014-03-05'),(35,'The Force for Familes - Getting it done when the family needed it the most!','user@me.com','2014-03-05'),(37,'Super Hero - Great support when needed it the most!','user@me.com','2014-03-05'),(38,'Flying High - Clinical skill beyond compare!','user@me.com','2014-03-05'),(39,'Kite Flying - Going above and beyond!','user@me.com','2014-03-05'),(40,'Great support when needed it the most!','user@me.com','2014-03-05'),(41,'Putting Families first!','user@me.com','2014-03-05'),(42,'Super Hero Clinical Skills','user@me.com','2014-03-05'),(43,'Hello world','user@me.com','2014-03-05');
/*!40000 ALTER TABLE `complements` ENABLE KEYS */;
UNLOCK TABLES;

--
-- Table structure for table `give`
--

DROP TABLE IF EXISTS `give`;
/*!40101 SET @saved_cs_client     = @@character_set_client */;
/*!40101 SET character_set_client = utf8 */;
CREATE TABLE `give` (
  `id` int(11) NOT NULL AUTO_INCREMENT,
  `user` varchar(100) NOT NULL,
  `receivedDt` datetime NOT NULL,
  `givenDt` datetime DEFAULT NULL,
  `awardReceivedDt` datetime DEFAULT NULL,
  `receivedBy` varchar(100) NOT NULL,
  `status` varchar(100) NOT NULL,
  `giveType` varchar(100) DEFAULT NULL,
  `spentDt` datetime DEFAULT NULL,
  `complement` int(11) DEFAULT NULL,
  `combinationPurchase` int(11) DEFAULT NULL,
  `award` varchar(45) DEFAULT NULL,
  `givenTo` varchar(45) DEFAULT NULL,
  `comment` varchar(200) DEFAULT NULL,
  PRIMARY KEY (`id`)
) ENGINE=MyISAM AUTO_INCREMENT=210 DEFAULT CHARSET=latin1;
/*!40101 SET character_set_client = @saved_cs_client */;

--
-- Dumping data for table `give`
--

LOCK TABLES `give` WRITE;
/*!40000 ALTER TABLE `give` DISABLE KEYS */;
INSERT INTO `give` VALUES (194,'user@me.com','2014-04-21 20:55:25',NULL,NULL,'MONTHLY','EXPIRED','MONTHLY',NULL,NULL,NULL,NULL,NULL,NULL),(195,'user@me.com','2014-04-21 20:55:25',NULL,NULL,'MONTHLY','EXPIRED','MONTHLY',NULL,NULL,NULL,NULL,NULL,NULL),(196,'user@me.com','2014-04-21 20:55:25',NULL,NULL,'MONTHLY','EXPIRED','MONTHLY',NULL,NULL,NULL,NULL,NULL,NULL),(197,'youthemandme@gmail.com','2014-04-21 21:11:48','2014-04-21 21:11:51',NULL,'MONTHLY','GIVEN_SPENT','MONTHLY_USED','2014-04-21 21:12:07',36,NULL,'118','user@me.com',NULL),(198,'youthemandme@gmail.com','2014-04-21 21:11:48','2014-04-21 21:11:55',NULL,'MONTHLY','USED_IN_COMBINATION','MONTHLY_USED','2014-04-21 21:12:07',38,197,'118','user@me.com',NULL),(199,'youthemandme@gmail.com','2014-04-21 21:11:48','2014-04-21 21:11:58',NULL,'MONTHLY','GIVEN','MONTHLY_USED',NULL,40,NULL,NULL,'user@me.com',NULL),(200,'youthemandme@gmail.com','2014-04-21 21:11:58',NULL,NULL,'PARTICIPATION','GIVEN','PARTICIPATION',NULL,NULL,NULL,NULL,NULL,NULL),(201,'user@me.com','2014-11-14 08:15:42',NULL,NULL,'MONTHLY','TOBE_GIVEN','MONTHLY',NULL,NULL,NULL,NULL,NULL,NULL),(202,'user@me.com','2014-11-14 08:15:42',NULL,NULL,'MONTHLY','TOBE_GIVEN','MONTHLY',NULL,NULL,NULL,NULL,NULL,NULL),(203,'user@me.com','2014-11-14 08:15:42',NULL,NULL,'MONTHLY','TOBE_GIVEN','MONTHLY',NULL,NULL,NULL,NULL,NULL,NULL),(204,'elizasoward@gmail.com','2014-11-14 09:11:32',NULL,NULL,'MONTHLY','TOBE_GIVEN','MONTHLY',NULL,NULL,NULL,NULL,NULL,NULL),(205,'elizasoward@gmail.com','2014-11-14 09:11:32',NULL,NULL,'MONTHLY','TOBE_GIVEN','MONTHLY',NULL,NULL,NULL,NULL,NULL,NULL),(206,'elizasoward@gmail.com','2014-11-14 09:11:32',NULL,NULL,'MONTHLY','TOBE_GIVEN','MONTHLY',NULL,NULL,NULL,NULL,NULL,NULL),(207,'guest@guest.com','2014-11-14 10:02:28',NULL,NULL,'MONTHLY','TOBE_GIVEN','MONTHLY',NULL,NULL,NULL,NULL,NULL,NULL),(208,'guest@guest.com','2014-11-14 10:02:28',NULL,NULL,'MONTHLY','TOBE_GIVEN','MONTHLY',NULL,NULL,NULL,NULL,NULL,NULL),(209,'guest@guest.com','2014-11-14 10:02:28',NULL,NULL,'MONTHLY','TOBE_GIVEN','MONTHLY',NULL,NULL,NULL,NULL,NULL,NULL);
/*!40000 ALTER TABLE `give` ENABLE KEYS */;
UNLOCK TABLES;

--
-- Table structure for table `praise`
--

DROP TABLE IF EXISTS `praise`;
/*!40101 SET @saved_cs_client     = @@character_set_client */;
/*!40101 SET character_set_client = utf8 */;
CREATE TABLE `praise` (
  `id` int(11) NOT NULL AUTO_INCREMENT,
  `praiser` varchar(45) NOT NULL,
  `praisee` varchar(45) NOT NULL,
  `comment` varchar(200) DEFAULT NULL,
  `praise` varchar(200) NOT NULL,
  `praise_dt` datetime NOT NULL,
  PRIMARY KEY (`id`),
  UNIQUE KEY `unique_id` (`id`)
) ENGINE=MyISAM AUTO_INCREMENT=83 DEFAULT CHARSET=latin1;
/*!40101 SET character_set_client = @saved_cs_client */;

--
-- Dumping data for table `praise`
--

LOCK TABLES `praise` WRITE;
/*!40000 ALTER TABLE `praise` DISABLE KEYS */;
INSERT INTO `praise` VALUES (63,'user@me.com','test@me.com','dsafafd','35','2014-03-10 23:49:20'),(64,'user@me.com','youthemandme@gmail.com','asdasdf','37','2014-03-10 23:49:24'),(65,'user@me.com','youthemandme@gmail.com','asdasd','37','2014-03-10 23:49:28'),(66,'PARTICIPATION','user@me.com',NULL,'PARTICIPATION','2014-03-10 23:49:28'),(67,'test@me.com','user@me.com','asd','38','2014-03-10 23:50:01'),(68,'test@me.com','user@me.com','asdasd fasd','38','2014-03-10 23:50:08'),(69,'test@me.com','youthemandme@gmail.com','asdasdf','39','2014-03-10 23:50:14'),(70,'PARTICIPATION','test@me.com',NULL,'PARTICIPATION','2014-03-10 23:50:14'),(71,'user@me.com','youthemandme@gmail.com','you rock dudette!','39','2014-04-18 22:23:28'),(72,'user@me.com','test@me.com','dfasdfasdf adsf','40','2014-04-18 22:25:03'),(73,'user@me.com','youthemandme@gmail.com','asd','38','2014-04-18 22:25:46'),(74,'PARTICIPATION','user@me.com',NULL,'PARTICIPATION','2014-04-18 22:25:46'),(75,'user@me.com','youthemandme@gmail.com','asd','38','2014-04-18 22:26:28'),(76,'user@me.com','youthemandme@gmail.com','asd','43','2014-04-18 22:27:46'),(77,'user@me.com','youthemandme@gmail.com','asdasd','43','2014-04-18 22:28:14'),(78,'user@me.com','youthemandme@gmail.com','dfadfa','40','2014-04-18 22:30:05'),(79,'user@me.com','youthemandme@gmail.com','asd','38','2014-04-18 22:32:02'),(80,'user@me.com','youthemandme@gmail.com','asdasdf asdf asdasdf a','38','2014-04-18 22:39:17'),(81,'user@me.com','youthemandme@gmail.com','dsffsefsd','38','2014-04-18 22:50:16'),(82,'user@me.com','youthemandme@gmail.com','ZXCzXCZXC','43','2014-04-19 23:33:19');
/*!40000 ALTER TABLE `praise` ENABLE KEYS */;
UNLOCK TABLES;

--
-- Table structure for table `users`
--

DROP TABLE IF EXISTS `users`;
/*!40101 SET @saved_cs_client     = @@character_set_client */;
/*!40101 SET character_set_client = utf8 */;
CREATE TABLE `users` (
  `username` char(50) NOT NULL,
  `password` char(50) NOT NULL,
  `enabled` tinyint(1) NOT NULL,
  `first_name` char(50) NOT NULL,
  `last_name` char(50) NOT NULL,
  PRIMARY KEY (`username`)
) ENGINE=MyISAM DEFAULT CHARSET=latin1;
/*!40101 SET character_set_client = @saved_cs_client */;

--
-- Dumping data for table `users`
--

LOCK TABLES `users` WRITE;
/*!40000 ALTER TABLE `users` DISABLE KEYS */;
INSERT INTO `users` VALUES ('user@me.com','scott',1,'scott louis','soward'),('youthemandme@gmail.com','scott',1,'mike','soward'),('test@me.com','scott',1,'test','last'),('elizasoward@gmail.com','scott',1,'Eliza','Soward'),('guest@guest.com','guest',1,'guestFirstName','guestLastName');
/*!40000 ALTER TABLE `users` ENABLE KEYS */;
UNLOCK TABLES;

--
-- Table structure for table `words`
--

DROP TABLE IF EXISTS `words`;
/*!40101 SET @saved_cs_client     = @@character_set_client */;
/*!40101 SET character_set_client = utf8 */;
CREATE TABLE `words` (
  `id` int(11) NOT NULL AUTO_INCREMENT,
  `name` varchar(100) DEFAULT NULL,
  `level` varchar(45) DEFAULT NULL,
  PRIMARY KEY (`id`),
  UNIQUE KEY `unique_id` (`id`)
) ENGINE=InnoDB AUTO_INCREMENT=18827 DEFAULT CHARSET=latin1;
/*!40101 SET character_set_client = @saved_cs_client */;

--
-- Dumping data for table `words`
--

LOCK TABLES `words` WRITE;
/*!40000 ALTER TABLE `words` DISABLE KEYS */;
INSERT INTO `words` VALUES (13721,'occasionally','8'),(13722,'vaccinate','8'),(13723,'successor','8'),(13724,'zucchini','8'),(13725,'accord','8'),(13726,'accurately','8'),(13727,'eccentric','8'),(13728,'accusations','8'),(13729,'accolade','8'),(13730,'impeccable','8'),(13731,'succotash','8'),(13732,'accosted','8'),(13733,'acclimate','8'),(13734,'succulent','8'),(13735,'ecclesiastic','8'),(13736,'synonym','8'),(13737,'symbolic','8'),(13738,'systematic','8'),(13739,'symmetrical','8'),(13740,'synthesis','8'),(13741,'synthetic','8'),(13742,'sympathized','8'),(13743,'syncopation','8'),(13744,'synchronize','8'),(13745,'synonymous','8'),(13746,'symbiosis','8'),(13747,'synagogue','8'),(13748,'syndicate','8'),(13749,'symposium','8'),(13750,'symbolism','8'),(13751,'syndrome','8'),(13752,'synopsis','8'),(13753,'relevant','8'),(13754,'raucously','8'),(13755,'responsibility','8'),(13756,'reflection','8'),(13757,'references','8'),(13758,'rhubarb','8'),(13759,'revive','8'),(13760,'recently','8'),(13761,'raze','8'),(13762,'Republican','8'),(13763,'regretting','8'),(13764,'requirements','8'),(13765,'repulse','8'),(13766,'recommending','8'),(13767,'redundancy','8'),(13768,'disposition','8'),(13769,'disappeared','8'),(13770,'distress','8'),(13771,'disparaged','8'),(13772,'disapproval','8'),(13773,'disgruntled','8'),(13774,'discrepancy','8'),(13775,'disingenuous','8'),(13776,'disparage','8'),(13777,'disparity','8'),(13778,'discernible','8'),(13779,'disoblige','8'),(13780,'dissociate','8'),(13781,'distribution','8'),(13782,'discontinues','8'),(13783,'laudable','8'),(13784,'implacable','8'),(13785,'noticeable','8'),(13786,'passable','8'),(13787,'indefatigable','8'),(13788,'despicable','8'),(13789,'irreconcilable','8'),(13790,'paraphrasable','8'),(13791,'undecipherable','8'),(13792,'irrevocable','8'),(13793,'syllables','8'),(13794,'inexplicable','8'),(13795,'inconsolable','8'),(13796,'innumerable','8'),(13797,'justifiable','8'),(13798,'conceive','8'),(13799,'cocoon','8'),(13800,'compel','8'),(13801,'convenience','8'),(13802,'consider','8'),(13803,'colleague','8'),(13804,'consequences','8'),(13805,'conception','8'),(13806,'competent','8'),(13807,'commuter','8'),(13808,'commissioner','8'),(13809,'commerce','8'),(13810,'conceived','8'),(13811,'cordially','8'),(13812,'convene','8'),(13813,'frequently','8'),(13814,'enthusiastic','8'),(13815,'intentions','8'),(13816,'insistent','8'),(13817,'achievement','8'),(13818,'arrangement','8'),(13819,'establishment','8'),(13820,'acknowledgment','8'),(13821,'potential','8'),(13822,'introduction','8'),(13823,'transient','8'),(13824,'centripetal','8'),(13825,'mentioned','8'),(13826,'sufficiently','8'),(13827,'sentiment','8'),(13828,'deferential','8'),(13829,'exercises','8'),(13830,'excessive','8'),(13831,'equipped','8'),(13832,'exhibition','8'),(13833,'extravagant','8'),(13834,'epic','8'),(13835,'editorial','8'),(13836,'expulsion','8'),(13837,'efficiency','8'),(13838,'extraterrestrial','8'),(13839,'erroneous','8'),(13840,'esteem','8'),(13841,'embroidery','8'),(13842,'equilibrium','8'),(13843,'expectation','8'),(13844,'necessity','8'),(13845,'affability','8'),(13846,'posterity','8'),(13847,'integrity','8'),(13848,'capacity','8'),(13849,'probability','8'),(13850,'possibility','8'),(13851,'vicinity','8'),(13852,'haughty','8'),(13853,'velocity','8'),(13854,'calamity','8'),(13855,'extremity','8'),(13856,'paucity','8'),(13857,'locality','8'),(13858,'indignity','8'),(13859,'propensity','8'),(13860,'notoriety','8'),(13861,'interrupted','8'),(13862,'inauguration','8'),(13863,'intimate','8'),(13864,'inhabitant','8'),(13865,'innocence','8'),(13866,'inquiries','8'),(13867,'inept','8'),(13868,'industrial','8'),(13869,'interrogative','8'),(13870,'intellectual','8'),(13871,'inapt','8'),(13872,'inconvenience','8'),(13873,'invoices','8'),(13874,'invoiced','8'),(13875,'insecticide','8'),(13876,'certificate','8'),(13877,'delicate','8'),(13878,'duplicate','8'),(13879,'anticipate','8'),(13880,'legitimate','8'),(13881,'approximate','8'),(13882,'obstinate','8'),(13883,'domesticate','8'),(13884,'desolate','8'),(13885,'abbreviate','8'),(13886,'stagnate','8'),(13887,'perpetuate','8'),(13888,'extrapolate','8'),(13889,'expatiate','8'),(13890,'elucidate','8'),(13891,'overrate','8'),(13892,'architect','8'),(13893,'acoustics','8'),(13894,'aerial','8'),(13895,'algorithm','8'),(13896,'application','8'),(13897,'altercation','8'),(13898,'anticipation','8'),(13899,'anonymous','8'),(13900,'appetite','8'),(13901,'agricultural','8'),(13902,'analysis','8'),(13903,'anecdote','8'),(13904,'angular','8'),(13905,'allotted','8'),(13906,'amorous','8'),(13907,'acquainted','8'),(13908,'acknowledging','8'),(13909,'diurnal','8'),(13910,'professional','8'),(13911,'neutral','8'),(13912,'turmoil','8'),(13913,'technological','8'),(13914,'congenial','8'),(13915,'veil','8'),(13916,'bountiful','8'),(13917,'mutual','8'),(13918,'immortal','8'),(13919,'mechanical','8'),(13920,'binomial','8'),(13921,'terrestrial','8'),(13922,'embroil','8'),(13923,'medicinal','8'),(13924,'prodigal','8'),(13925,'premium','8'),(13926,'pamphlet','8'),(13927,'picnicking','8'),(13928,'phonograph','8'),(13929,'perseverance','8'),(13930,'picturesque','8'),(13931,'phenomenon','8'),(13932,'provisions','8'),(13933,'principles','8'),(13934,'poignant','8'),(13935,'petunia','8'),(13936,'plaintiff','8'),(13937,'phlegm','8'),(13938,'pirouette','8'),(13939,'quantities','8'),(13940,'shepherds','8'),(13941,'dictionaries','8'),(13942,'canvas','8'),(13943,'gorgeous','8'),(13944,'harness','8'),(13945,'bulbous','8'),(13946,'antiques','8'),(13947,'headquarters','8'),(13948,'frivolous','8'),(13949,'mattress','8'),(13950,'amphibians','8'),(13951,'hazardous','8'),(13952,'desirous','8'),(13953,'volumes','8'),(13954,'molecules','8'),(13955,'callus','8'),(13956,'stenciled','8'),(13957,'sympathetic','8'),(13958,'starvation','8'),(13959,'stupendous','8'),(13960,'stampede','8'),(13961,'starry','8'),(13962,'sympathy','8'),(13963,'strengthened','8'),(13964,'steered','8'),(13965,'staggered','8'),(13966,'stratus','8'),(13967,'sympathetically','8'),(13968,'stupefying','8'),(13969,'straddle','8'),(13970,'symptoms','8'),(13971,'symbolize','8'),(13972,'stymie','8'),(13973,'stipulate','8'),(13974,'syntheses','8'),(13975,'stagy','8'),(13976,'straightened','8'),(13977,'deceit','8'),(13978,'quest','8'),(13979,'bombast','8'),(13980,'ardent','8'),(13981,'banquet','8'),(13982,'dialect','8'),(13983,'haunt','8'),(13984,'forfeit','8'),(13985,'eminent','8'),(13986,'unpleasant','8'),(13987,'indignant','8'),(13988,'humorist','8'),(13989,'subvert','8'),(13990,'cachet','8'),(13991,'circumvent','8'),(13992,'vigilant','8'),(13993,'augment','8'),(13994,'flout','8'),(13995,'welterweight','8'),(13996,'veer','8'),(13997,'scholar','8'),(13998,'schooner','8'),(13999,'behavior','8'),(14000,'peculiar','8'),(14001,'beggar','8'),(14002,'lunar','8'),(14003,'oppressive','8'),(14004,'meteor','8'),(14005,'overwrought','8'),(14006,'semester','8'),(14007,'ovation','8'),(14008,'ogle','8'),(14009,'memoir','8'),(14010,'ostracize','8'),(14011,'facilitator','8'),(14012,'debonair','8'),(14013,'obsess','8'),(14014,'oblivion','8'),(14015,'usher','8'),(14016,'voucher','8'),(14017,'manipulator','8'),(14018,'possessor','8'),(14019,'oppose','8'),(14020,'outrageous','8'),(14021,'oblige','8'),(14022,'orthopedics','8'),(14023,'opposition','8'),(14024,'occupying','8'),(14025,'outlandish','8'),(14026,'optometry','8'),(14027,'originally','8'),(14028,'obligations','8'),(14029,'obtuse','8'),(14030,'oblique','8'),(14031,'obligation','8'),(14032,'obsolete','8'),(14033,'officious','8'),(14034,'obese','8'),(14035,'oregano','8'),(14036,'catastrophe','8'),(14037,'genuine','8'),(14038,'virtue','8'),(14039,'negligence','8'),(14040,'handsome','8'),(14041,'impatience','8'),(14042,'folklore','8'),(14043,'divine','8'),(14044,'irksome','8'),(14045,'forcible','8'),(14046,'indelible','8'),(14047,'landslide','8'),(14048,'critique','8'),(14049,'grotesque','8'),(14050,'mesmerize','8'),(14051,'psalm','8'),(14052,'museum','8'),(14053,'affirm','8'),(14054,'maximum','8'),(14055,'millennium','8'),(14056,'schism','8'),(14057,'euphemism','8'),(14058,'mayhem','8'),(14059,'verbatim','8'),(14060,'cranium','8'),(14061,'qualm','8'),(14062,'humdrum','8'),(14063,'teem','8'),(14064,'axiom','8'),(14065,'modicum','8'),(14066,'memorandum','8'),(14067,'Christian','8'),(14068,'frostbitten','8'),(14069,'luncheon','8'),(14070,'mathematician','8'),(14071,'session','8'),(14072,'legislation','8'),(14073,'circulation','8'),(14074,'nylon','8'),(14075,'transaction','8'),(14076,'tenderloin','8'),(14077,'immigration','8'),(14078,'dimension','8'),(14079,'liaison','8'),(14080,'hypertension','8'),(14081,'sedition','8'),(14082,'transmutation','8'),(14083,'congregate','8'),(14084,'extricate','8'),(14086,'penultimate','8'),(14087,'perspire','8'),(14088,'comprehensive','8'),(14089,'scarce','8'),(14090,'dethrone','8'),(14091,'inconclusive','8'),(14092,'cubicle','8'),(14093,'affiliate','8'),(14094,'brachiate','8'),(14095,'adhesive','8'),(14096,'elaborate','8'),(14097,'homage','8'),(14098,'decisive','8'),(14099,'avalanche','8'),(14100,'entangle','8'),(14101,'characteristic','8'),(14102,'ethnic','8'),(14103,'skeptic','8'),(14104,'epidemic','8'),(14105,'domestic','8'),(14106,'mosaic','8'),(14107,'patriotic','8'),(14108,'cyclic','8'),(14109,'quixotic','8'),(14110,'caustic','8'),(14111,'tactic','8'),(14112,'monolithic','8'),(14113,'sporadic','8'),(14114,'relic','8'),(14115,'frenetic','8'),(14116,'hydraulic','8'),(14117,'barbaric','8'),(14118,'galaxy','8'),(14119,'chemistry','8'),(14120,'customary','8'),(14121,'battery','8'),(14122,'treasury','8'),(14123,'philosophy','8'),(14124,'poultry','8'),(14125,'literary','8'),(14126,'bankruptcy','8'),(14127,'ecstasy','8'),(14128,'sanctuary','8'),(14129,'observatory','8'),(14130,'intensify','8'),(14131,'tyranny','8'),(14132,'poignancy','8'),(14133,'seminary','8'),(14134,'statutory','8'),(14135,'aviator','8'),(14136,'apprehend','8'),(14137,'artificial','8'),(14138,'aeronautics','8'),(14139,'association','8'),(14140,'arithmetic','8'),(14141,'asphalt','8'),(14142,'aroma','8'),(14143,'aloof','8'),(14144,'authorized','8'),(14145,'attorneys','8'),(14146,'athletics','8'),(14147,'anarchy','8'),(14148,'assimilate','8'),(14149,'assimilation','8'),(14150,'advocate','8'),(14151,'affable','8'),(14152,'persuasive','8'),(14153,'gruesome','8'),(14154,'theme','8'),(14155,'recuperate','8'),(14156,'sieve','8'),(14157,'utilize','8'),(14158,'escapade','8'),(14159,'crevice','8'),(14160,'impassable','8'),(14161,'dominance','8'),(14162,'doctrine','8'),(14163,'impinge','8'),(14164,'franchise','8'),(14165,'diffidence','8'),(14166,'insoluble','8'),(14167,'fiesta','8'),(14168,'hydrangea','8'),(14169,'glaucoma','8'),(14170,'replica','8'),(14171,'panorama','8'),(14172,'nausea','8'),(14173,'plea','8'),(14174,'stigma','8'),(14175,'era','8'),(14176,'papaya','8'),(14177,'minutia','8'),(14178,'granola','8'),(14179,'abracadabra','8'),(14180,'claustrophobia','8'),(14181,'mania','8'),(14182,'quota','8'),(14183,'tarantula','8'),(14184,'utopia','8'),(14185,'splendid','8'),(14186,'speedometer','8'),(14187,'spasm','8'),(14188,'splinter','8'),(14189,'specializing','8'),(14190,'sprawled','8'),(14191,'speculative','8'),(14192,'speculation','8'),(14193,'spouted','8'),(14194,'spleen','8'),(14195,'speculate','8'),(14196,'spectroscope','8'),(14197,'spurn','8'),(14198,'spunky','8'),(14199,'spendthrift','8'),(14200,'gnawing','8'),(14201,'fledgling','8'),(14202,'flitting','8'),(14203,'unveiling','8'),(14204,'throng','8'),(14205,'issuing','8'),(14206,'foreboding','8'),(14207,'bickering','8'),(14208,'sweltering','8'),(14209,'excruciating','8'),(14210,'pang','8'),(14211,'enterprising','8'),(14212,'expunging','8'),(14213,'begetting','8'),(14214,'quoting','8'),(14215,'rehearsal','8'),(14216,'diagonal','8'),(14217,'mythological','8'),(14218,'betrayal','8'),(14219,'recital','8'),(14220,'rhetorical','8'),(14221,'frugal','8'),(14222,'sentimental','8'),(14223,'corral','8'),(14224,'dismal','8'),(14225,'dual','8'),(14226,'abdominal','8'),(14227,'spiritual','8'),(14228,'ineffectual','8'),(14229,'perpetual','8'),(14230,'inaugurated','8'),(14231,'gnarled','8'),(14232,'frenzied','8'),(14233,'fend','8'),(14234,'feud','8'),(14235,'haphazard','8'),(14236,'blighted','8'),(14237,'amid','8'),(14238,'abashed','8'),(14239,'etched','8'),(14240,'handicapped','8'),(14241,'grappled','8'),(14242,'gnawed','8'),(14243,'benefited','8'),(14244,'dubbed','8'),(14245,'embellished','8'),(14246,'lurid','8'),(14247,'itemized','8'),(14248,'galvanized','8'),(14249,'substituted','8'),(14250,'impractical','8'),(14251,'quadrilateral','8'),(14252,'botanical','8'),(14253,'janitorial','8'),(14254,'biographical','8'),(14255,'comical','8'),(14256,'inspirational','8'),(14257,'upheaval','8'),(14258,'antisocial','8'),(14259,'skeptical','8'),(14260,'cordial','8'),(14261,'impersonal','8'),(14262,'disposal','8'),(14263,'nautical','8'),(14264,'retrial','8'),(14265,'superficial','8'),(14266,'seventeenth','8'),(14267,'mirth','8'),(14268,'sleuth','8'),(14269,'twentieth','8'),(14270,'fortieth','8'),(14271,'girth','8'),(14272,'oilcloth','8'),(14273,'stealth','8'),(14274,'labyrinth','8'),(14275,'Sabbath','8'),(14276,'blabbermouth','8'),(14277,'megalith','8'),(14278,'behemoth','8'),(14279,'wraith','8'),(14280,'advantageous','8'),(14281,'boisterous','8'),(14282,'rapacious','8'),(14283,'acrimonious','8'),(14284,'brawniness','8'),(14285,'raucous','8'),(14286,'wondrous','8'),(14287,'simultaneous','8'),(14288,'difficulties','8'),(14289,'porous','8'),(14290,'spontaneous','8'),(14291,'ignominious','8'),(14292,'voluptuous','8'),(14293,'voracious','8'),(14294,'auspicious','8'),(14295,'diagnosis','8'),(14296,'examinations','8'),(14297,'blasphemous','8'),(14298,'wintriness','8'),(14299,'proprietor','8'),(14300,'presiding','8'),(14301,'pessimistic','8'),(14302,'pungent','8'),(14303,'pandemonium','8'),(14304,'paralyze','8'),(14305,'pompous','8'),(14306,'precarious','8'),(14307,'precept','8'),(14308,'prestigious','8'),(14309,'prospectus','8'),(14310,'privileged','8'),(14311,'particulars','8'),(14312,'possessed','8'),(14313,'publications','8'),(14314,'multitude','8'),(14315,'architecture','8'),(14316,'crucial','8'),(14317,'signature','8'),(14318,'absolute','8'),(14319,'attribute','8'),(14320,'forfeiture','8'),(14321,'rational','8'),(14322,'statute','8'),(14323,'demure','8'),(14324,'aperture','8'),(14325,'communal','8'),(14326,'pivotal','8'),(14327,'pastoral','8'),(14328,'institute','8'),(14329,'abjure','8'),(14330,'immure','8'),(14331,'turpitude','8'),(14332,'erasure','8'),(14333,'ineptitude','8'),(14334,'complexion','8'),(14335,'committee','8'),(14336,'conspicuously','8'),(14337,'colossal','8'),(14338,'congeal','8'),(14339,'corpulent','8'),(14340,'conundrum','8'),(14341,'concocted','8'),(14342,'consequently','8'),(14343,'correspondent','8'),(14344,'contiguous','8'),(14345,'collateral','8'),(14346,'compensation','8'),(14347,'comparatively','8'),(14348,'counseled','8'),(14349,'incredulously','8'),(14350,'melancholy','8'),(14351,'surreptitiously','8'),(14352,'gradually','8'),(14353,'intermittently','8'),(14354,'scarcely','8'),(14355,'positively','8'),(14356,'fortunately','8'),(14357,'ghastly','8'),(14358,'previously','8'),(14359,'leniently','8'),(14360,'particularly','8'),(14361,'precisely','8'),(14362,'affectionately','8'),(14363,'linguistically','8'),(14364,'accuracy','8'),(14365,'accumulate','8'),(14366,'moccasins','8'),(14367,'tobacco','8'),(14368,'accede','8'),(14369,'accelerate','8'),(14370,'succession','8'),(14371,'hiccupped','8'),(14372,'succumbed','8'),(14373,'accommodations','8'),(14374,'cappuccino','8'),(14375,'unacceptable','8'),(14376,'accursed','8'),(14377,'preoccupied','8'),(14378,'piccolo','8'),(14379,'accordingly','8'),(14380,'skinny','5'),(14381,'risk','5'),(14382,'task','5'),(14383,'crisp','5'),(14384,'style','5'),(14385,'arrest','5'),(14386,'suggest','5'),(14387,'skunk','5'),(14388,'brisk','5'),(14389,'spinach','5'),(14390,'grasp','5'),(14391,'boast','5'),(14392,'statue','5'),(14393,'adjust','5'),(14394,'skeleton','5'),(14395,'screen','5'),(14396,'pictures','5'),(14397,'cowboys','5'),(14398,'passes','5'),(14399,'kisses','5'),(14400,'months','5'),(14401,'centuries','5'),(14402,'costumes','5'),(14403,'bushes','5'),(14404,'companies','5'),(14405,'dresses','5'),(14406,'grades','5'),(14407,'donkeys','5'),(14408,'speeches','5'),(14409,'matches','5'),(14410,'mornings','5'),(14411,'batteries','5'),(14412,'missiles','5'),(14413,'exciting','5'),(14414,'excited','5'),(14415,'amused','5'),(14416,'bigger','5'),(14417,'easier','5'),(14418,'wrapping','5'),(14419,'wrapped','5'),(14420,'biggest','5'),(14421,'easiest','5'),(14422,'amusing','5'),(14423,'cuter','5'),(14424,'cutest','5'),(14425,'Georgia','5'),(14426,'character','5'),(14427,'chorus','5'),(14428,'mechanic','5'),(14429,'chord','5'),(14430,'legend','5'),(14431,'ledge','5'),(14432,'ridge','5'),(14433,'lodge','5'),(14434,'accurate','5'),(14435,'judge','5'),(14436,'occur','5'),(14437,'subject','5'),(14438,'general','5'),(14439,'occasion','5'),(14440,'junior','5'),(14441,'accuse','5'),(14442,'horseback','5'),(14443,'nearby','5'),(14444,'volleyball','5'),(14445,'earthquake','5'),(14446,'textbook','5'),(14447,'thumbtack','5'),(14448,'haircut','5'),(14449,'rattlesnake','5'),(14450,'handwriting','5'),(14451,'hideout','5'),(14452,'housework','5'),(14453,'kickstand','5'),(14454,'blueprint','5'),(14455,'clothesline','5'),(14456,'lives','5'),(14457,'tomatoes','5'),(14458,'leaves','5'),(14459,'videos','5'),(14460,'heroes','5'),(14461,'studios','5'),(14462,'echoes','5'),(14463,'radios','5'),(14464,'potatoes','5'),(14465,'tornadoes','5'),(14466,'vetoes','5'),(14467,'banjos','5'),(14468,'hoofs','5'),(14469,'mosquitoes','5'),(14470,'handkerchiefs','5'),(14471,'strong','5'),(14472,'without','5'),(14473,'among','5'),(14474,'chipmunk','5'),(14475,'clothing','5'),(14476,'everything','5'),(14477,'nothing','5'),(14478,'shrink','5'),(14479,'blank','5'),(14480,'trunk','5'),(14481,'challenge','5'),(14482,'hanger','5'),(14483,'sting','5'),(14484,'strengthen','5'),(14485,'dumb','5'),(14486,'umbrella','5'),(14487,'stumble','5'),(14488,'crumb','5'),(14489,'crumble','5'),(14490,'lumber','5'),(14491,'mumble','5'),(14492,'tumble','5'),(14493,'plumber','5'),(14494,'cucumber','5'),(14495,'rhumba','5'),(14496,'thumbnail','5'),(14497,'slumber','5'),(14498,'jumble','5'),(14499,'grumble','5'),(14500,'bumble','5'),(14501,'rumble','5'),(14502,'numbered','5'),(14503,'mourn','5'),(14504,'tournament','5'),(14505,'journal','5'),(14506,'journey','5'),(14507,'journeys','5'),(14508,'journalist','5'),(14509,'downpour','5'),(14510,'detour','5'),(14511,'mourning','5'),(14512,'harbour','5'),(14513,'adjourn','5'),(14514,'adjourned','5'),(14515,'devour','5'),(14516,'curious','5'),(14517,'obvious','5'),(14518,'anxiously','5'),(14519,'delicious','5'),(14520,'religious','5'),(14521,'furious','5'),(14522,'various','5'),(14523,'cautious','5'),(14524,'previous','5'),(14525,'mysterious','5'),(14526,'gracious','5'),(14527,'furiously','5'),(14528,'studious','5'),(14529,'serious','5'),(14530,'hilarious','5'),(14531,'adopt','5'),(14532,'dollop','5'),(14533,'optimism','5'),(14534,'optician','5'),(14535,'helicopter','5'),(14536,'hopscotch','5'),(14537,'microscopic','5'),(14538,'optimist','5'),(14539,'optimistic','5'),(14540,'adopted','5'),(14541,'optic','5'),(14542,'option','5'),(14543,'disappear','5'),(14544,'disorder','5'),(14545,'distribute','5'),(14546,'disheveled','5'),(14547,'discovery','5'),(14548,'disruptive','5'),(14549,'disgust','5'),(14550,'discouragement','5'),(14551,'discontinuing','5'),(14552,'disappoint','5'),(14553,'distant','5'),(14554,'distract','5'),(14555,'dissolve','5'),(14556,'disrobe','5'),(14557,'disrupt','5'),(14558,'discomfort','5'),(14559,'enjoyment','5'),(14560,'annoy','5'),(14561,'boyhood','5'),(14562,'destroy','5'),(14563,'oyster','5'),(14564,'loyalty','5'),(14565,'employ','5'),(14566,'royalty','5'),(14567,'decoys','5'),(14568,'boysenberry','5'),(14569,'buoyant','5'),(14570,'soybean','5'),(14571,'boycott','5'),(14572,'annoying','5'),(14573,'disloyal','5'),(14574,'cliff','5'),(14575,'sniff','5'),(14576,'sheriffs','5'),(14577,'differed','5'),(14578,'differ','5'),(14579,'difference','5'),(14580,'stiff','5'),(14581,'sniffing','5'),(14582,'sniffle','5'),(14583,'differently','5'),(14584,'sheriff','5'),(14585,'whiffle','5'),(14586,'cliffs','5'),(14587,'tariff','5'),(14588,'unfinished','5'),(14589,'unfortunately','5'),(14590,'unexpected','5'),(14591,'unbelievable','5'),(14592,'unceasing','5'),(14593,'unbroken','5'),(14594,'unrequited','5'),(14595,'unchanged','5'),(14596,'untouched','5'),(14597,'unbalanced','5'),(14598,'unhappiness','5'),(14599,'unbearable','5'),(14600,'undeniable','5'),(14601,'unlimited','5'),(14602,'unnumbered','5'),(14603,'midnight','5'),(14604,'midwest','5'),(14605,'midday','5'),(14606,'midsummer','5'),(14607,'midway','5'),(14608,'midstream','5'),(14609,'midwinter','5'),(14610,'midair','5'),(14611,'midweek','5'),(14612,'midafternoon','5'),(14613,'midterm','5'),(14614,'midland','5'),(14615,'midsection','5'),(14616,'midyear','5'),(14617,'predicament','5'),(14618,'prefix','5'),(14619,'prescribe','5'),(14620,'precede','5'),(14621,'predictable','5'),(14622,'prehistoric','5'),(14623,'preventable','5'),(14624,'prevention','5'),(14625,'preferring','5'),(14626,'prerecorded','5'),(14627,'precaution','5'),(14628,'prescription','5'),(14629,'preclude','5'),(14630,'prediction','5'),(14631,'prescriptions','5'),(14632,'piously','5'),(14633,'contagious','5'),(14634,'pious','5'),(14635,'devious','5'),(14636,'anxious','5'),(14637,'cautiously','5'),(14638,'rebellious','5'),(14639,'tedious','5'),(14640,'envious','5'),(14641,'imperiously','5'),(14642,'vivacious','5'),(14643,'victorious','5'),(14644,'confidence','5'),(14645,'independence','5'),(14646,'consequence','5'),(14647,'correspondence','5'),(14648,'obedience','5'),(14649,'existence','5'),(14650,'conference','5'),(14651,'affluence','5'),(14652,'coincidence','5'),(14653,'reverence','5'),(14654,'residence','5'),(14655,'excellence','5'),(14656,'preference','5'),(14657,'occurrence','5'),(14658,'experienced','5'),(14659,'nuisance','5'),(14660,'performance','5'),(14661,'acquaintance','5'),(14662,'conveyance','5'),(14663,'assistance','5'),(14664,'entrance','5'),(14665,'maintenance','5'),(14666,'guidance','5'),(14667,'acceptance','5'),(14668,'appliance','5'),(14669,'ignorance','5'),(14670,'importance','5'),(14671,'adorable','5'),(14672,'vegetable','5'),(14673,'comfortable','5'),(14674,'renewable','5'),(14675,'valuable','5'),(14676,'charitable','5'),(14677,'reliable','5'),(14678,'honorable','5'),(14679,'acceptable','5'),(14680,'respectable','5'),(14681,'stable','5'),(14682,'inevitable','5'),(14683,'impossible','5'),(14684,'accessible','5'),(14685,'terrible','5'),(14686,'inflexible','5'),(14687,'horrible','5'),(14688,'convertible','5'),(14689,'sensible','5'),(14690,'incredible','5'),(14691,'visible','5'),(14692,'responsible','5'),(14693,'flexible','5'),(14694,'eligible','5'),(14695,'brilliant','5'),(14696,'elephant','5'),(14697,'pageant','5'),(14698,'assistant','5'),(14699,'instant','5'),(14700,'ignorant','5'),(14701,'confidant','5'),(14702,'merchant','5'),(14703,'infant','5'),(14704,'constant','5'),(14705,'vacant','5'),(14706,'elegant','5'),(14707,'accent','5'),(14708,'opponent','5'),(14709,'agent','5'),(14710,'lucent','5'),(14711,'student','5'),(14712,'decent','5'),(14713,'monuments','5'),(14714,'spent','5'),(14715,'accomplishments','5'),(14716,'prevent','5'),(14717,'apparent','5'),(14718,'parent','5'),(14719,'intelligent','5'),(14720,'talent','5'),(14721,'equipment','5'),(14722,'compliment','5'),(14723,'apartment','5'),(14724,'environment','5'),(14725,'monument','5'),(14726,'entertainment','5'),(14727,'encouragement','5'),(14728,'basement','5'),(14729,'assignment','5'),(14730,'advertisement','5'),(14731,'astonishment','5'),(14732,'department','5'),(14733,'amusement','5'),(14734,'attendance','5'),(14735,'repugnance','5'),(14736,'admittance','5'),(14737,'allegiance','5'),(14738,'disappearance','5'),(14739,'fragrance','5'),(14740,'appearance','5'),(14741,'ambulance','5'),(14742,'substance','5'),(14743,'assurance','5'),(14744,'insurance','5'),(14745,'alliance','5'),(14746,'tolerance','5'),(14747,'helpless','5'),(14748,'defenseless','5'),(14749,'fearless','5'),(14750,'senseless','5'),(14751,'swordless','5'),(14752,'borderless','5'),(14753,'brimless','5'),(14754,'thoughtless','5'),(14755,'blameless','5'),(14756,'listless','5'),(14757,'sleeveless','5'),(14758,'penniless','5'),(14759,'powerless','5'),(14760,'ruefully','5'),(14761,'fearfully','5'),(14762,'carefully','5'),(14763,'awfully','5'),(14764,'tastefully','5'),(14765,'scornfully','5'),(14766,'wistfully','5'),(14767,'faithfully','5'),(14768,'gracefully','5'),(14769,'dolefully','5'),(14770,'thoughtfully','5'),(14771,'peacefully','5'),(14772,'semblance','5'),(14773,'vengeance','5'),(14774,'extravagance','5'),(14775,'resistance','5'),(14776,'grievance','5'),(14777,'finance','5'),(14778,'remembrance','5'),(14779,'defiance','5'),(14780,'remittance','5'),(14781,'clearance','5'),(14782,'resemblance','5'),(14783,'imbalance','5'),(14784,'misplaced','5'),(14785,'miscue','5'),(14786,'misbehavior','5'),(14787,'mischief','5'),(14788,'mistaken','5'),(14789,'misconduct','5'),(14790,'misspell','5'),(14791,'misprint','5'),(14792,'misjudge','5'),(14793,'misfortune','5'),(14794,'mispronounce','5'),(14795,'misunderstand','5'),(14796,'misunderstood','5'),(14797,'equitable','5'),(14798,'regrettable','5'),(14799,'portable','5'),(14800,'expendable','5'),(14801,'amicable','5'),(14802,'variable','5'),(14803,'advisable','5'),(14804,'dependable','5'),(14805,'remarkable','5'),(14806,'miserable','5'),(14807,'favorable','5'),(14808,'probable','5'),(14809,'huggable','5'),(14810,'agreeable','5'),(14811,'suitable','5'),(14812,'debatable','5'),(14813,'prepares','5'),(14814,'presume','5'),(14815,'prescribed','5'),(14816,'preferred','5'),(14817,'previewing','5'),(14818,'pretested','5'),(14819,'preschooler','5'),(14820,'pretended','5'),(14821,'prefabricated','5'),(14822,'presented','5'),(14823,'preliminary','5'),(14824,'predicate','5'),(14825,'buoyancy','5'),(14826,'employees','5'),(14827,'enjoyable','5'),(14828,'joyous','5'),(14829,'soybeans','5'),(14830,'gargoyle','5'),(14831,'enjoyed','5'),(14832,'convoy','5'),(14833,'destroyers','5'),(14834,'annoyance','5'),(14835,'unemployed','5'),(14836,'unemployment','5'),(14837,'flamboyant','5'),(14838,'spacious','5'),(14839,'precious','5'),(14840,'obnoxious','5'),(14841,'unconscious','5'),(14842,'conscious','5'),(14843,'dubious','5'),(14844,'suspicious','5'),(14845,'malicious','5'),(14846,'infectious','5'),(14847,'suspiciously','5'),(14848,'seriousness','5'),(14849,'obviously','5'),(14850,'glorious','5'),(14851,'luxurious','5'),(14852,'scrumptious','5'),(14853,'vicious','5'),(14854,'precocious','5'),(14855,'faithful','5'),(14856,'truthful','5'),(14857,'cheerful','5'),(14858,'colorful','5'),(14859,'resentful','5'),(14860,'unlawful','5'),(14861,'grateful','5'),(14862,'successful','5'),(14863,'distasteful','5'),(14864,'meaningful','5'),(14865,'sorrowful','5'),(14866,'boastful','5'),(14867,'doubtful','5'),(14868,'deceitful','5'),(14869,'experiment','5'),(14870,'requirement','5'),(14871,'garment','5'),(14872,'ornament','5'),(14873,'ointment','5'),(14874,'pavement','5'),(14875,'excitement','5'),(14876,'announcement','5'),(14877,'installment','5'),(14878,'advancement','5'),(14879,'movement','5'),(14880,'agreement','5'),(14881,'sportsmanship','5'),(14882,'leadership','5'),(14883,'citizenship','5'),(14884,'ownership','5'),(14885,'battleship','5'),(14886,'companionship','5'),(14887,'apprenticeship','5'),(14888,'governorship','5'),(14889,'hardship','5'),(14890,'relationship','5'),(14891,'penmanship','5'),(14892,'membership','5'),(14893,'partnership','5'),(14894,'horsemanship','5'),(14895,'adaptation','5'),(14896,'conversation','5'),(14897,'generation','5'),(14898,'imagination','5'),(14899,'punctuation','5'),(14900,'organization','5'),(14901,'avocation','5'),(14902,'equation','5'),(14903,'salutation','5'),(14904,'corporation','5'),(14905,'vacation','5'),(14906,'restoration','5'),(14907,'manifestation','5'),(14908,'congregation','5'),(14909,'congratulations','5'),(14910,'organizations','5'),(14911,'demonstration','5'),(14912,'trepidation','5'),(14913,'communication','5'),(14914,'condensation','5'),(14915,'multiplication','5'),(14916,'installation','5'),(14917,'resignation','5'),(14918,'alteration','5'),(14919,'vaccination','5'),(14920,'preparation','5'),(14921,'graduation','5'),(14922,'quotient','5'),(14923,'absent','5'),(14924,'accident','5'),(14925,'resident','5'),(14926,'innocent','5'),(14927,'confident','5'),(14928,'eloquent','5'),(14929,'diligent','5'),(14930,'obedient','5'),(14931,'convenient','5'),(14932,'continent','5'),(14933,'magnificent','5'),(14934,'deficient','5'),(14935,'hat','1'),(14936,'cat','1'),(14937,'sat','1'),(14938,'bat','1'),(14939,'mat','1'),(14940,'rat','1'),(14941,'fat','1'),(14942,'pat','1'),(14943,'tug','1'),(14944,'rug','1'),(14945,'bug','1'),(14946,'hug','1'),(14947,'dug','1'),(14948,'jug','1'),(14949,'mug','1'),(14950,'mad','1'),(14951,'bad','1'),(14952,'dad','1'),(14953,'sad','1'),(14954,'glad','1'),(14955,'fad','1'),(14956,'man','1'),(14957,'than','1'),(14958,'an','1'),(14959,'ran','1'),(14960,'fan','1'),(14961,'tan','1'),(14962,'pan','1'),(14963,'van','1'),(14964,'pot','1'),(14965,'hot','1'),(14966,'got','1'),(14967,'lot','1'),(14968,'spot','1'),(14969,'cot','1'),(14970,'plot','1'),(14971,'rot','1'),(14972,'blot','1'),(14973,'jot','1'),(14974,'ten','1'),(14975,'men','1'),(14976,'then','1'),(14977,'open','1'),(14978,'pen','1'),(14979,'hen','1'),(14980,'den','1'),(14981,'fun','1'),(14982,'sun','1'),(14983,'stun','1'),(14984,'bun','1'),(14985,'spun','1'),(14986,'gun','1'),(14987,'nun','1'),(14988,'shun','1'),(14989,'rerun','1'),(14990,'play','1'),(14991,'stay','1'),(14992,'tray','1'),(14993,'ray','1'),(14994,'clay','1'),(14995,'bay','1'),(14996,'hay','1'),(14997,'away','1'),(14998,'stray','1'),(14999,'tree','1'),(15000,'bee','1'),(15001,'free','1'),(15002,'flee','1'),(15003,'fee','1'),(15004,'glee','1'),(15005,'write','1'),(15006,'kite','1'),(15007,'white','1'),(15008,'bite','1'),(15009,'site','1'),(15010,'excite','1'),(15011,'recite','1'),(15012,'cite','1'),(15013,'mite','1'),(15014,'bone','1'),(15015,'rope','1'),(15016,'cone','1'),(15017,'stone','1'),(15018,'zone','1'),(15019,'throne','1'),(15020,'phone','1'),(15021,'hone','1'),(15022,'tone','1'),(15023,'shone','1'),(15024,'cake','1'),(15025,'take','1'),(15026,'make','1'),(15027,'snake','1'),(15028,'rake','1'),(15029,'bake','1'),(15030,'lake','1'),(15031,'wake','1'),(15032,'fake','1'),(15033,'boy','1'),(15034,'joy','1'),(15035,'toy','1'),(15036,'cowboy','1'),(15037,'coy','1'),(15038,'soy','1'),(15039,'bellboy','1'),(15040,'decoy','1'),(15041,'chin','1'),(15042,'fin','1'),(15043,'grin','1'),(15044,'twin','1'),(15045,'spin','1'),(15046,'skin','1'),(15047,'tin','1'),(15048,'sin','1'),(15049,'shin','1'),(15050,'kin','1'),(15051,'chop','1'),(15052,'stop','1'),(15053,'top','1'),(15054,'mop','1'),(15055,'pop','1'),(15056,'cop','1'),(15057,'drop','1'),(15058,'crop','1'),(15059,'prop','1'),(15060,'clop','1'),(15061,'duck','1'),(15062,'puck','1'),(15063,'pluck','1'),(15064,'cluck','1'),(15065,'buck','1'),(15066,'chuck','1'),(15067,'struck','1'),(15068,'tuck','1'),(15069,'muck','1'),(15070,'lip','1'),(15071,'skip','1'),(15072,'grip','1'),(15073,'trip','1'),(15074,'zip','1'),(15075,'hip','1'),(15076,'dip','1'),(15077,'pip','1'),(15078,'sip','1'),(15079,'nip','1'),(15080,'star','1'),(15081,'jar','1'),(15082,'bar','1'),(15083,'scar','1'),(15084,'tar','1'),(15085,'spar','1'),(15086,'mar','1'),(15087,'or','1'),(15088,'corn','1'),(15089,'porch','1'),(15090,'horn','1'),(15091,'short','1'),(15092,'story','1'),(15093,'floor','1'),(15094,'born','1'),(15095,'brake','1'),(15096,'shake','1'),(15097,'flake','1'),(15098,'awake','1'),(15099,'quake','1'),(15100,'remake','1'),(15101,'intake','1'),(15102,'retake','1'),(15103,'sake','1'),(15104,'you','1'),(15105,'not','1'),(15106,'to','1'),(15107,'and','1'),(15108,'we','1'),(15109,'the','1'),(15110,'that','1'),(15111,'is','1'),(15112,'in','1'),(15113,'a','1'),(15114,'are','1'),(15115,'for','1'),(15116,'at','1'),(15117,'can','1'),(15118,'on','1'),(15119,'this','1'),(15120,'with','1'),(15121,'of','1'),(15122,'it','1'),(15123,'will','1'),(15124,'good','1'),(15125,'me','1'),(15126,'they','1'),(15127,'but','1'),(15128,'one','1'),(15129,'as','1'),(15130,'I','1'),(15131,'your','1'),(15132,'have','1'),(15133,'she','1'),(15134,'shark','1'),(15135,'shines','1'),(15136,'shell','1'),(15137,'shore','1'),(15138,'shag','1'),(15139,'shells','1'),(15140,'shrug','1'),(15141,'chase','1'),(15142,'chick','1'),(15143,'charm','1'),(15144,'chill','1'),(15145,'chew','1'),(15146,'chair','1'),(15147,'chips','1'),(15148,'chat','1'),(15149,'my','1'),(15150,'some','1'),(15151,'about','1'),(15152,'her','1'),(15153,'when','1'),(15154,'if','1'),(15155,'up','1'),(15156,'do','1'),(15157,'been','1'),(15158,'cream','1'),(15159,'steam','1'),(15160,'stream','1'),(15161,'seam','1'),(15162,'gleam','1'),(15163,'beam','1'),(15164,'leap','1'),(15165,'sheep','1'),(15166,'leak','1'),(15167,'sleep','1'),(15168,'heat','1'),(15169,'seen','1'),(15170,'feed','1'),(15171,'bike','1'),(15172,'wipe','1'),(15173,'stripe','1'),(15174,'ripe','1'),(15175,'pipe','1'),(15176,'hike','1'),(15177,'pike','1'),(15178,'spike','1'),(15179,'how','1'),(15180,'bow','1'),(15181,'brow','1'),(15182,'now','1'),(15183,'cow','1'),(15184,'plow','1'),(15185,'allow','1'),(15186,'wow','1'),(15187,'chow','1'),(15188,'stove','1'),(15189,'yoke','1'),(15190,'drove','1'),(15191,'spoke','1'),(15192,'woke','1'),(15193,'choke','1'),(15194,'cove','1'),(15195,'poke','1'),(15196,'grove','1'),(15197,'gloves','1'),(15198,'loves','1'),(15199,'glove','1'),(15200,'dove','1'),(15201,'shove','1'),(15202,'shoved','1'),(15203,'door','1'),(15204,'doors','1'),(15205,'indoors','1'),(15206,'floors','1'),(15207,'chores','1'),(15208,'stores','1'),(15209,'snores','1'),(15210,'outdoors','1'),(15211,'snowflake','1'),(15212,'butterfly','1'),(15213,'fireplace','1'),(15214,'spaceship','1'),(15215,'eyelid','1'),(15216,'someone','1'),(15217,'firemen','1'),(15218,'bobcat','1'),(15219,'birthday','1'),(15220,'raindrop','1'),(15221,'toolhouse','1'),(15222,'dollhouse','1'),(15223,'moonlight','1'),(15224,'daylight','1'),(15225,'snowplow','1'),(15226,'icebox','1'),(15227,'mailbox','1'),(15228,'seashore','1'),(15229,'seashells','1'),(15230,'foxhole','1'),(15231,'somehow','1'),(15232,'anyway','1'),(15233,'daytime','1'),(15234,'woodwork','1'),(15235,'outrun','1'),(15236,'new','1'),(15237,'stew','1'),(15238,'blew','1'),(15239,'crew','1'),(15240,'dew','1'),(15241,'news','1'),(15242,'chews','1'),(15243,'brews','1'),(15244,'before','1'),(15245,'store','1'),(15246,'bore','1'),(15247,'chore','1'),(15248,'tore','1'),(15249,'pore','1'),(15250,'snore','1'),(15251,'ore','1'),(15252,'crunch','1'),(15253,'lunch','1'),(15254,'bunch','1'),(15255,'hunch','1'),(15256,'punch','1'),(15257,'brunch','1'),(15258,'get','1'),(15259,'rocket','1'),(15260,'bet','1'),(15261,'sunset','1'),(15262,'pet','1'),(15263,'net','1'),(15264,'wet','1'),(15265,'vet','1'),(15266,'fret','1'),(15267,'jet','1'),(15268,'carpet','1'),(15269,'piglet','1'),(15270,'scratch','4'),(15271,'square','4'),(15272,'street','4'),(15273,'throat','4'),(15274,'squeeze','4'),(15275,'squirm','4'),(15276,'squirt','4'),(15277,'scramble','4'),(15278,'scrub','4'),(15279,'thrill','4'),(15280,'strange','4'),(15281,'scream','4'),(15282,'strength','4'),(15283,'strike','4'),(15284,'squeal','4'),(15285,'threat','4'),(15286,'strawberry','4'),(15287,'skyscraper','4'),(15288,'queen','4'),(15289,'deal','4'),(15290,'needed','4'),(15291,'spelling','4'),(15292,'east','4'),(15293,'feelings','4'),(15294,'tea','4'),(15295,'keeping','4'),(15296,'beneath','4'),(15297,'agree','4'),(15298,'elevator','4'),(15299,'coffee','4'),(15300,'suggested','4'),(15301,'method','4'),(15302,'feature','4'),(15303,'metal','4'),(15304,'disease','4'),(15305,'television','4'),(15306,'empty','4'),(15307,'mine','4'),(15308,'wild','4'),(15309,'smile','4'),(15310,'drive','4'),(15311,'size','4'),(15312,'blind','4'),(15313,'prize','4'),(15314,'arrived','4'),(15315,'decide','4'),(15316,'civil','4'),(15317,'divide','4'),(15318,'library','4'),(15319,'fifty','4'),(15320,'liquid','4'),(15321,'solid','4'),(15322,'include','4'),(15323,'plus','4'),(15324,'operate','4'),(15325,'broke','4'),(15326,'upset','4'),(15327,'tune','4'),(15328,'June','4'),(15329,'floating','4'),(15330,'plume','4'),(15331,'husband','4'),(15332,'honor','4'),(15333,'smoke','4'),(15334,'conflict','4'),(15335,'thunder','4'),(15336,'polish','4'),(15337,'swallow','4'),(15338,'loop','4'),(15339,'wounded','4'),(15340,'shoot','4'),(15341,'booth','4'),(15342,'mood','4'),(15343,'broom','4'),(15344,'boost','4'),(15345,'fooling','4'),(15346,'smooth','4'),(15347,'raccoon','4'),(15348,'bloomed','4'),(15349,'souvenir','4'),(15350,'routine','4'),(15351,'roofs','4'),(15352,'loose','4'),(15353,'coop','4'),(15354,'stoop','4'),(15355,'troop','4'),(15356,'carved','4'),(15357,'harm','4'),(15358,'farther','4'),(15359,'barked','4'),(15360,'alarm','4'),(15361,'chart','4'),(15362,'starved','4'),(15363,'harder','4'),(15364,'parked','4'),(15365,'smartest','4'),(15366,'charge','4'),(15367,'guard','4'),(15368,'argument','4'),(15369,'hardware','4'),(15370,'garbage','4'),(15371,'harsh','4'),(15372,'parts','4'),(15373,'radar','4'),(15374,'harbor','4'),(15375,'pour','4'),(15376,'orbit','4'),(15377,'fourth','4'),(15378,'source','4'),(15379,'sports','4'),(15380,'forward','4'),(15381,'force','4'),(15382,'order','4'),(15383,'wore','4'),(15384,'yourself','4'),(15385,'support','4'),(15386,'sore','4'),(15387,'anymore','4'),(15388,'ignore','4'),(15389,'portrait','4'),(15390,'border','4'),(15391,'course','4'),(15392,'tornado','4'),(15393,'cared','4'),(15394,'dairy','4'),(15395,'unfair','4'),(15396,'rarely','4'),(15397,'stared','4'),(15398,'dared','4'),(15399,'glare','4'),(15400,'airplanes','4'),(15401,'barely','4'),(15402,'farewell','4'),(15403,'software','4'),(15404,'staircase','4'),(15405,'everywhere','4'),(15406,'declare','4'),(15407,'therefore','4'),(15408,'despair','4'),(15409,'prepared','4'),(15410,'beware','4'),(15411,'repair','4'),(15412,'curve','4'),(15413,'learned','4'),(15414,'curly','4'),(15415,'pearl','4'),(15416,'purse','4'),(15417,'further','4'),(15418,'turtle','4'),(15419,'urgent','4'),(15420,'burning','4'),(15421,'hurried','4'),(15422,'earned','4'),(15423,'purpose','4'),(15424,'surface','4'),(15425,'overheard','4'),(15426,'rehearse','4'),(15427,'current','4'),(15428,'furniture','4'),(15429,'research','4'),(15430,'ground','4'),(15431,'frown','4'),(15432,'downtown','4'),(15433,'bounced','4'),(15434,'council','4'),(15435,'scout','4'),(15436,'counter','4'),(15437,'background','4'),(15438,'bound','4'),(15439,'amount','4'),(15440,'mountain','4'),(15441,'county','4'),(15442,'thousand','4'),(15443,'allowance','4'),(15444,'counselor','4'),(15445,'discount','4'),(15446,'countless','4'),(15447,'rebound','4'),(15448,'surrounded','4'),(15449,'astounding','4'),(15450,'boiled','4'),(15451,'annoyed','4'),(15452,'choices','4'),(15453,'poison','4'),(15454,'employer','4'),(15455,'joining','4'),(15456,'spoiled','4'),(15457,'voices','4'),(15458,'destroyed','4'),(15459,'pointing','4'),(15460,'avoided','4'),(15461,'enjoying','4'),(15462,'employee','4'),(15463,'voyage','4'),(15464,'appointed','4'),(15465,'poisonous','4'),(15466,'foil','4'),(15467,'loyal','4'),(15468,'noisy','4'),(15469,'disappointed','4'),(15470,'shelves','4'),(15471,'teeth','4'),(15472,'elves','4'),(15473,'mice','4'),(15474,'calves','4'),(15475,'feet','4'),(15476,'women','4'),(15477,'geese','4'),(15478,'series','4'),(15479,'scissors','4'),(15480,'halves','4'),(15481,'oxen','4'),(15482,'crises','4'),(15483,'knives','4'),(15484,'thieves','4'),(15485,'adventures','4'),(15486,'privileges','4'),(15487,'team\'s','4'),(15488,'players\'','4'),(15489,'bird\'s','4'),(15490,'wolf\'s','4'),(15491,'horse\'s','4'),(15492,'class\'s','4'),(15493,'group\'s','4'),(15494,'students\'','4'),(15495,'trees\'','4'),(15496,'parents\'','4'),(15497,'owners\'','4'),(15498,'cousins\'','4'),(15499,'teachers\'','4'),(15500,'aunts\'','4'),(15501,'friend\'s','4'),(15502,'children\'s','4'),(15503,'city\'s','4'),(15504,'classes\'','4'),(15505,'country\'s','4'),(15506,'mount','4'),(15507,'doctor','4'),(15508,'January','4'),(15509,'route','4'),(15510,'road','4'),(15511,'Friday','4'),(15512,'pound','4'),(15513,'avenue','4'),(15514,'December','4'),(15515,'teaspoon','4'),(15516,'Saturday','4'),(15517,'Wednesday','4'),(15518,'governor','4'),(15519,'President','4'),(15520,'highway','4'),(15521,'September','4'),(15522,'Parkway','4'),(15523,'Sunday','4'),(15524,'Monday','4'),(15525,'weighs','4'),(15526,'ceiling','4'),(15527,'reindeer','4'),(15528,'freight','4'),(15529,'eighteen','4'),(15530,'neighbor','4'),(15531,'receive','4'),(15532,'weird','4'),(15533,'chief','4'),(15534,'seize','4'),(15535,'either','4'),(15536,'fierce','4'),(15537,'relief','4'),(15538,'windshield','4'),(15539,'pierce','4'),(15540,'thief','4'),(15541,'achieve','4'),(15542,'eighth','4'),(15543,'tiny','4'),(15544,'hockey','4'),(15545,'heavy','4'),(15546,'money','4'),(15547,'already','4'),(15548,'valley','4'),(15549,'monkey','4'),(15550,'company','4'),(15551,'country','4'),(15552,'ability','4'),(15553,'steady','4'),(15554,'industry','4'),(15555,'activity','4'),(15556,'honey','4'),(15557,'unused','4'),(15558,'dislike','4'),(15559,'unclean','4'),(15560,'unheard','4'),(15561,'disagree','4'),(15562,'disabled','4'),(15563,'unkind','4'),(15564,'unfriendly','4'),(15565,'unable','4'),(15566,'disobey','4'),(15567,'uncertain','4'),(15568,'undecided','4'),(15569,'dishonest','4'),(15570,'disadvantage','4'),(15571,'distrust','4'),(15572,'unknown','4'),(15573,'unlike','4'),(15574,'nonstop','4'),(15575,'replaced','4'),(15576,'inactive','4'),(15577,'incorrect','4'),(15578,'rethink','4'),(15579,'nonfat','4'),(15580,'retell','4'),(15581,'return','4'),(15582,'incomplete','4'),(15583,'nonfiction','4'),(15584,'nonsense','4'),(15585,'indirect','4'),(15586,'independent','4'),(15587,'invisible','4'),(15588,'nonprofit','4'),(15589,'redo','4'),(15590,'relocate','4'),(15591,'families','4'),(15592,'worried','4'),(15593,'ugliest','4'),(15594,'funnier','4'),(15595,'easily','4'),(15596,'heavier','4'),(15597,'earlier','4'),(15598,'tiniest','4'),(15599,'supplied','4'),(15600,'luckily','4'),(15601,'relied','4'),(15602,'activities','4'),(15603,'countries','4'),(15604,'enemies','4'),(15605,'scurried','4'),(15606,'libraries','4'),(15607,'prettier','4'),(15608,'readily','4'),(15609,'carried','4'),(15610,'addition','4'),(15611,'lovable','4'),(15612,'endless','4'),(15613,'handful','4'),(15614,'plentiful','4'),(15615,'breathless','4'),(15616,'solution','4'),(15617,'function','4'),(15618,'stillness','4'),(15619,'information','4'),(15620,'celebration','4'),(15621,'capable','4'),(15622,'available','4'),(15623,'believable','4'),(15624,'careless','4'),(15625,'reusable','4'),(15626,'forgiveness','4'),(15627,'power','4'),(15628,'corner','4'),(15629,'danger','4'),(15630,'labor','4'),(15631,'motor','4'),(15632,'hunger','4'),(15633,'calendar','4'),(15634,'horror','4'),(15635,'officer','4'),(15636,'finger','4'),(15637,'director','4'),(15638,'master','4'),(15639,'regular','4'),(15640,'cellar','4'),(15641,'table','4'),(15642,'handle','4'),(15643,'personal','4'),(15644,'usual','4'),(15645,'jungle','4'),(15646,'actual','4'),(15647,'example','4'),(15648,'bottle','4'),(15649,'possible','4'),(15650,'single','4'),(15651,'several','4'),(15652,'national','4'),(15653,'hospital','4'),(15654,'trouble','4'),(15655,'candle','4'),(15656,'dial','4'),(15657,'equal','4'),(15658,'jingle','4'),(15659,'pollen','4'),(15660,'kitchen','4'),(15661,'reason','4'),(15662,'human','4'),(15663,'season','4'),(15664,'burden','4'),(15665,'oven','4'),(15666,'horizon','4'),(15667,'orphan','4'),(15668,'sudden','4'),(15669,'eleven','4'),(15670,'button','4'),(15671,'canyon','4'),(15672,'slogan','4'),(15673,'golden','4'),(15674,'stepped','4'),(15675,'entered','4'),(15676,'reaching','4'),(15677,'allowing','4'),(15678,'argued','4'),(15679,'speaking','4'),(15680,'reading','4'),(15681,'unfolding','4'),(15682,'closing','4'),(15683,'hugged','4'),(15684,'belonged','4'),(15685,'divided','4'),(15686,'determined','4'),(15687,'rewarding','4'),(15688,'occurred','4'),(15689,'controlled','4'),(15690,'injured','4'),(15691,'permitting','4'),(15692,'practicing','4'),(15693,'lamb','4'),(15694,'often','4'),(15695,'comb','4'),(15696,'climbed','4'),(15697,'fasten','4'),(15698,'crumbs','4'),(15699,'soften','4'),(15700,'thumb','4'),(15701,'doubt','4'),(15702,'honest','4'),(15703,'rhyme','4'),(15704,'answer','4'),(15705,'column','4'),(15706,'numb','4'),(15707,'tomb','4'),(15708,'glisten','4'),(15709,'hasten','4'),(15710,'we\'ve','4'),(15711,'you\'d','4'),(15712,'you\'ve','4'),(15713,'she\'d','4'),(15714,'shouldn\'t','4'),(15715,'weren\'t','4'),(15716,'we\'d','4'),(15717,'hadn\'t','4'),(15718,'they\'d','4'),(15719,'I\'d','4'),(15720,'plains','4'),(15721,'piece','4'),(15722,'planes','4'),(15723,'peace','4'),(15724,'peddle','4'),(15725,'pedal','4'),(15726,'stake','4'),(15727,'steak','4'),(15728,'berry','4'),(15729,'bury','4'),(15730,'members','4'),(15731,'dinner','4'),(15732,'suppose','4'),(15733,'except','4'),(15734,'problem','4'),(15735,'shallow','4'),(15736,'stubborn','4'),(15737,'logger','4'),(15738,'cotton','4'),(15739,'object','4'),(15740,'shelter','4'),(15741,'pattern','4'),(15742,'captive','4'),(15743,'publish','4'),(15744,'tractor','4'),(15745,'servant','4'),(15746,'hidden','4'),(15747,'major','4'),(15748,'cedar','4'),(15749,'spiders','4'),(15750,'ruler','4'),(15751,'motive','4'),(15752,'raven','4'),(15753,'super','4'),(15754,'pilot','4'),(15755,'silent','4'),(15756,'native','4'),(15757,'rivals','4'),(15758,'solar','4'),(15759,'bison','4'),(15760,'legal','4'),(15761,'humor','4'),(15762,'moment','4'),(15763,'nature','4'),(15764,'virus','4'),(15765,'difficult','4'),(15766,'probably','4'),(15767,'beginning','4'),(15768,'direction','4'),(15769,'discover','4'),(15770,'excellent','4'),(15771,'important','4'),(15772,'imagine','4'),(15773,'energy','4'),(15774,'remember','4'),(15775,'dangerous','4'),(15776,'government','4'),(15777,'interest','4'),(15778,'becoming','4'),(15779,'description','4'),(15780,'engineer','4'),(15781,'across','4'),(15782,'above','4'),(15783,'brought','4'),(15784,'horse','4'),(15785,'land','4'),(15786,'number','4'),(15787,'done','4'),(15788,'yet','4'),(15789,'yard','4'),(15790,'shoes','4'),(15791,'even','4'),(15792,'cover','4'),(15793,'line','4'),(15794,'state','4'),(15795,'few','4'),(15796,'life','4'),(15797,'window','4'),(15799,'matter','4'),(15800,'large','4'),(15801,'harmless','4'),(15802,'hopeless','4'),(15803,'unless','4'),(15804,'reckless','4'),(15805,'priceless','4'),(15806,'speechless','4'),(15807,'regardless','4'),(15808,'useless','4'),(15809,'shapeless','4'),(15810,'homeless','4'),(15811,'weightless','4'),(15812,'valueless','4'),(15813,'restless','4'),(15814,'sound','4'),(15815,'wound','4'),(15816,'surround','4'),(15817,'underground','4'),(15818,'compound','4'),(15819,'campground','4'),(15820,'snowbound','4'),(15821,'bloodhound','4'),(15822,'mound','4'),(15823,'spellbound','4'),(15824,'greyhound','4'),(15825,'hound','4'),(15826,'distraught','4'),(15827,'disguise','4'),(15828,'dismissal','4'),(15829,'discovered','4'),(15830,'disaster','4'),(15831,'displace','4'),(15832,'displayed','4'),(15833,'dismayed','4'),(15834,'dispute','4'),(15835,'district','4'),(15836,'distort','4'),(15837,'discolor','4'),(15838,'displease','4'),(15839,'understand','4'),(15840,'understood','4'),(15841,'underneath','4'),(15842,'underpass','4'),(15843,'undertake','4'),(15844,'understandable','4'),(15845,'underwear','4'),(15846,'underestimate','4'),(15847,'undercover','4'),(15848,'underside','4'),(15849,'underrated','4'),(15850,'undertook','4'),(15851,'transportation','4'),(15852,'nation','4'),(15853,'migration','4'),(15854,'duration','4'),(15855,'vocation','4'),(15856,'population','4'),(15857,'examination','4'),(15858,'situation','4'),(15859,'operation','4'),(15860,'location','4'),(15861,'relaxation','4'),(15862,'decoration','4'),(15863,'happiest','4'),(15864,'busiest','4'),(15865,'prettiest','4'),(15866,'funniest','4'),(15867,'heaviest','4'),(15868,'healthiest','4'),(15869,'laziest','4'),(15870,'windiest','4'),(15871,'trickiest','4'),(15872,'chilliest','4'),(15873,'driest','4'),(15874,'angriest','4'),(15875,'scariest','4'),(15876,'sunniest','4'),(15877,'iciest','4'),(15878,'dirtiest','4'),(15879,'silliest','4'),(15880,'pocketknife','4'),(15881,'blackmail','4'),(15882,'pocketbook','4'),(15883,'blackboard','4'),(15884,'friendship','4'),(15885,'tightrope','4'),(15886,'snowflakes','4'),(15887,'earmuffs','4'),(15888,'buttercup','4'),(15889,'airman','4'),(15890,'anchorman','4'),(15891,'stepladder','4'),(15892,'mistletoe','4'),(15893,'fully','4'),(15894,'hopefully','4'),(15895,'truthfully','4'),(15896,'playfully','4'),(15897,'beautifully','4'),(15898,'painfully','4'),(15899,'cheerfully','4'),(15900,'watchfully','4'),(15901,'gleefully','4'),(15902,'wishfully','4'),(15903,'delightfully','4'),(15904,'forcefully','4'),(15905,'pitifully','4'),(15909,'said ','102'),(15911,'see ','102'),(15914,'he ','102'),(15917,'am ','102'),(15920,'look','102'),(15921,'like ','102'),(15922,'go ','102'),(15927,'be ','102'),(15930,'little ','102'),(15939,'no ','102'),(15940,'all ','102'),(15942,'by ','102'),(15943,'was ','102'),(15950,'his ','102'),(15952,'him ','102'),(15953,'had ','102'),(15954,'yes ','102'),(15982,'big','101'),(15984,'down','101'),(15987,'map','2'),(15991,'tap','2'),(15993,'lap','2'),(15994,'rap','2'),(15995,'what','2'),(15997,'were','2'),(15998,'field','2'),(15999,'turn','2'),(16000,'afraid','2'),(16001,'closed','2'),(16002,'six','2'),(16003,'fix','2'),(16004,'pin','2'),(16005,'rip','2'),(16006,'tip','2'),(16007,'sit','2'),(16009,'hill','2'),(16010,'win','2'),(16011,'bit','2'),(16012,'log','2'),(16013,'dog','2'),(16014,'job','2'),(16015,'fog','2'),(16016,'flop','2'),(16017,'jog','2'),(16018,'off','2'),(16019,'sand','2'),(16020,'pond','2'),(16021,'lost','2'),(16022,'just','2'),(16023,'past','2'),(16024,'list','2'),(16025,'band','2'),(16026,'hand','2'),(16027,'cast','2'),(16028,'grand','2'),(16029,'egg','2'),(16030,'fed','2'),(16031,'met','2'),(16032,'them','2'),(16033,'rest','2'),(16034,'bend','2'),(16035,'test','2'),(16036,'went','2'),(16037,'send','2'),(16038,'us','2'),(16039,'mud','2'),(16040,'rub','2'),(16041,'luck','2'),(16042,'shut','2'),(16043,'rust','2'),(16044,'stuck','2'),(16045,'bud','2'),(16046,'kind','2'),(16047,'child','2'),(16048,'slide','2'),(16049,'hide','2'),(16050,'glide','2'),(16051,'side','2'),(16052,'pride','2'),(16053,'wide','2'),(16054,'tide','2'),(16055,'bride','2'),(16056,'stride','2'),(16057,'told','2'),(16058,'cold','2'),(16059,'most','2'),(16060,'both','2'),(16061,'bold','2'),(16062,'sold','2'),(16063,'scold','2'),(16064,'fold','2'),(16065,'mold','2'),(16066,'May','2'),(16067,'rain','2'),(16068,'say','2'),(16069,'wait','2'),(16070,'pay','2'),(16071,'train','2'),(16072,'lay','2'),(16073,'laid','2'),(16074,'way','2'),(16075,'bait','2'),(16076,'need','2'),(16077,'read','2'),(16078,'deep','2'),(16079,'eat','2'),(16080,'keep','2'),(16081,'team','2'),(16083,'each','2'),(16084,'seat','2'),(16085,'weed','2'),(16086,'boat','2'),(16087,'row','2'),(16088,'show','2'),(16089,'coal','2'),(16090,'coat','2'),(16091,'slow','2'),(16092,'coast','2'),(16093,'own','2'),(16094,'low','2'),(16096,'soup','2'),(16097,'huge','2'),(16098,'flute','2'),(16099,'cute','2'),(16100,'suit','2'),(16101,'mute','2'),(16102,'amuse','2'),(16103,'chute','2'),(16104,'fuse','2'),(16105,'lute','2'),(16106,'car','2'),(16107,'hear','2'),(16108,'bear','2'),(16109,'pear','2'),(16110,'war','2'),(16111,'ear','2'),(16112,'rear','2'),(16113,'gear','2'),(16114,'tear','2'),(16115,'grass','2'),(16116,'dress','2'),(16117,'less','2'),(16118,'pass','2'),(16119,'glass','2'),(16120,'class','2'),(16121,'mess','2'),(16122,'bass','2'),(16123,'brass','2'),(16124,'ball','2'),(16125,'fall','2'),(16126,'call','2'),(16127,'hall','2'),(16128,'wall','2'),(16129,'tall','2'),(16130,'stall','2'),(16131,'mall','2'),(16132,'gall','2'),(16133,'ship','2'),(16134,'rich','2'),(16135,'change','2'),(16136,'shop','2'),(16137,'chest','2'),(16138,'fish','2'),(16139,'reach','2'),(16140,'wish','2'),(16141,'shape','2'),(16142,'long','2'),(16143,'ring','2'),(16144,'thing','2'),(16145,'song','2'),(16146,'string','2'),(16147,'king','2'),(16148,'wing','2'),(16149,'belong','2'),(16150,'pong','2'),(16151,'stick','2'),(16152,'kick','2'),(16153,'took','2'),(16154,'track','2'),(16155,'black','2'),(16156,'neck','2'),(16157,'pack','2'),(16158,'snack','2'),(16159,'lock','2'),(16160,'clock','2'),(16161,'sock','2'),(16162,'sack','2'),(16163,'he\'s','2'),(16164,'we\'re','2'),(16165,'I\'m','2'),(16166,'she\'s','2'),(16167,'they\'re','2'),(16168,'I\'ll','2'),(16169,'you\'re','2'),(16170,'that\'s','2'),(16171,'there\'s','2'),(16172,'what\'s','2'),(16173,'grew','2'),(16174,'room','2'),(16175,'group','2'),(16176,'flew','2'),(16177,'food','2'),(16178,'drew','2'),(16179,'loom','2'),(16180,'gloom','2'),(16181,'bloom','2'),(16182,'boom','2'),(16183,'groom','2'),(16184,'high','2'),(16185,'night','2'),(16186,'fight','2'),(16187,'light','2'),(16188,'sight','2'),(16189,'bright','2'),(16190,'might','2'),(16191,'right','2'),(16192,'arm','2'),(16193,'far','2'),(16194,'heart','2'),(16195,'dark','2'),(16196,'hard','2'),(16197,'farm','2'),(16198,'park','2'),(16199,'start','2'),(16200,'part','2'),(16202,'don\'t','2'),(16203,'can\'t','2'),(16204,'let\'s','2'),(16205,'won\'t','2'),(16206,'I\'ve','2'),(16207,'didn\'t','2'),(16208,'wasn\'t','2'),(16209,'couldn\'t','2'),(16210,'doesn\'t','2'),(16211,'wouldn\'t','2'),(16212,'sew','2'),(16213,'so','2'),(16214,'sow','2'),(16215,'two','2'),(16216,'too','2'),(16217,'there','2'),(16218,'their','2'),(16219,'asked','2'),(16220,'doing','2'),(16221,'called','2'),(16222,'going','2'),(16223,'looked','2'),(16224,'playing','2'),(16225,'started','2'),(16226,'trying','2'),(16227,'looking','2'),(16228,'wanted','2'),(16229,'soon','2'),(16230,'came','2'),(16231,'upon','2'),(16232,'home','2'),(16233,'first','2'),(16234,'house','2'),(16235,'box','2'),(16236,'girl','2'),(16237,'saw','2'),(16238,'stand','2'),(16239,'grandma','2'),(16240,'seesaw','2'),(16241,'sometimes','2'),(16242,'herself','2'),(16243,'somewhere','2'),(16244,'classroom','2'),(16245,'himself','2'),(16246,'baseball','2'),(16247,'softball','2'),(16248,'kickball','2'),(16249,'dropped','2'),(16250,'putting','2'),(16251,'stopped','2'),(16252,'getting','2'),(16253,'planned','2'),(16254,'running','2'),(16255,'slipped','2'),(16256,'grabbed','2'),(16257,'popping','2'),(16258,'sitting','2'),(16259,'saved','2'),(16260,'giving','2'),(16261,'liked','2'),(16262,'taking','2'),(16263,'used','2'),(16264,'riding','2'),(16265,'placed','2'),(16266,'moving','2'),(16267,'loved','2'),(16268,'living','2'),(16269,'girls','2'),(16270,'boxes','2'),(16271,'toys','2'),(16272,'dishes','2'),(16273,'times','2'),(16274,'inches','2'),(16275,'boys','2'),(16276,'wishes','2'),(16277,'days','2'),(16278,'things','2'),(16279,'ducks','2'),(16280,'cows','2'),(16281,'whales','2'),(16282,'seals','2'),(16283,'rabbits','2'),(16284,'chickens','2'),(16285,'zebras','2'),(16286,'animals','2'),(16288,'sea','2'),(16289,'dear','2'),(16290,'deer','2'),(16291,'meet','2'),(16292,'meat','2'),(16294,'rode','2'),(16295,'dye','2'),(16296,'die','2'),(16297,'family','2'),(16298,'sister','2'),(16299,'grandmother','2'),(16300,'aunt','2'),(16301,'baby','2'),(16302,'grandfather','2'),(16303,'uncle','2'),(16304,'father','2'),(16305,'brother','2'),(16306,'maybe','2'),(16307,'bedroom','2'),(16308,'lunchroom','2'),(16309,'into','2'),(16310,'something','2'),(16311,'nobody','2'),(16312,'doghouse','2'),(16313,'inside','2'),(16314,'notebook','2'),(16315,'snowball','2'),(16316,'book','2'),(16317,'school','2'),(16319,'could','2'),(16320,'because','2'),(16321,'mother','2'),(16322,'run','2'),(16323,'people','2'),(16324,'made','2'),(16325,'find','2'),(16326,'think','2'),(16327,'four','2'),(16328,'let','2'),(16329,'red','2'),(16330,'name','2'),(16331,'back','2'),(16333,'color','2'),(16334,'use','2'),(16335,'bring','2'),(16336,'next','2'),(16337,'better','2'),(16338,'leave','2'),(16339,'tell','2'),(16340,'never','2'),(16341,'should','2'),(16342,'best','2'),(16343,'under','2'),(16344,'present','2'),(16345,'please','2'),(16346,'also','2'),(16347,'another','2'),(16348,'must','2'),(16349,'over','2'),(16350,'end','2'),(16351,'water','2'),(16352,'five','2'),(16353,'only','2'),(16354,'shall','2'),(16355,'below','2'),(16356,'glow','2'),(16357,'snow','2'),(16358,'follow','2'),(16359,'throw','2'),(16360,'elbow','2'),(16361,'stow','2'),(16362,'flow','2'),(16364,'beige','7'),(16365,'decision','7'),(16366,'completely','7'),(16367,'recruit','7'),(16368,'sleigh','7'),(16369,'maneuver','7'),(16370,'briefcase','7'),(16371,'perfume','7'),(16372,'preserve','7'),(16373,'biscuit','7'),(16374,'coughing','7'),(16375,'shrieking','7'),(16376,'piercing','7'),(16377,'auditor','7'),(16378,'lieutenant','7'),(16379,'experimental','7'),(16380,'heterogeneous','7'),(16381,'weirdest','7'),(16382,'unyielding','7'),(16383,'calculator','7'),(16384,'thirtieth','7'),(16385,'beguiling','7'),(16386,'beauteous','7'),(16387,'preferably','7'),(16388,'ostrich','7'),(16389,'bushwhackers','7'),(16390,'language','7'),(16391,'penguin','7'),(16392,'exhilaration','7'),(16393,'overwhelmed','7'),(16394,'chandelier','7'),(16395,'executive','7'),(16396,'dichotomy','7'),(16397,'brochure','7'),(16398,'extinguish','7'),(16399,'exhibit','7'),(16400,'exhausted','7'),(16401,'distinguished','7'),(16402,'recitation','7'),(16403,'whirlpool','7'),(16404,'exotic','7'),(16405,'whimsical','7'),(16406,'nonchalant','7'),(16407,'cliche','7'),(16408,'exempt','7'),(16409,'bilingual','7'),(16410,'exasperate','7'),(16411,'guacamole','7'),(16412,'exertion','7'),(16413,'receiving','7'),(16414,'qualified','7'),(16415,'mimicking','7'),(16416,'prophesied','7'),(16417,'accompanying','7'),(16418,'overlooked','7'),(16419,'traveled','7'),(16420,'managed','7'),(16421,'accepted','7'),(16422,'bragging','7'),(16423,'bragged','7'),(16424,'managing','7'),(16425,'traveling','7'),(16426,'nourishing','7'),(16427,'lighting','7'),(16428,'overlooking','7'),(16429,'mimicked','7'),(16430,'qualifying','7'),(16431,'panicked','7'),(16432,'nourished','7'),(16433,'accompanied','7'),(16434,'lighted','7'),(16435,'accepting','7'),(16436,'horrifying','7'),(16437,'panicking','7'),(16438,'horrified','7'),(16439,'prophesying','7'),(16440,'anniversary','7'),(16441,'casually','7'),(16442,'vacuum','7'),(16443,'Delaware','7'),(16444,'recognize','7'),(16445,'gratitude','7'),(16446,'mathematics','7'),(16447,'memory','7'),(16448,'secretary','7'),(16449,'realm','7'),(16450,'diamond','7'),(16451,'category','7'),(16452,'victim','7'),(16453,'miniature','7'),(16454,'badminton','7'),(16455,'juvenile','7'),(16456,'audition','7'),(16457,'vaudeville','7'),(16458,'ingenious','7'),(16459,'favorites','7'),(16460,'penitentiary','7'),(16461,'disgusted','7'),(16462,'auxiliary','7'),(16463,'tournaments','7'),(16464,'giraffe','7'),(16465,'Connecticut','7'),(16466,'possession','7'),(16467,'parallel','7'),(16468,'recommend','7'),(16469,'constellation','7'),(16470,'affirmative','7'),(16471,'buffoon','7'),(16472,'approximately','7'),(16473,'accommodate','7'),(16474,'questionnaire','7'),(16475,'Caribbean','7'),(16476,'embarrass','7'),(16477,'belligerent','7'),(16478,'cinnamon','7'),(16479,'permission','7'),(16480,'accomplishment','7'),(16481,'commitment','7'),(16482,'penicillin','7'),(16483,'mayonnaise','7'),(16484,'confetti','7'),(16485,'concussion','7'),(16486,'corrosion','7'),(16487,'interruption','7'),(16488,'gimmick','7'),(16489,'would','7'),(16490,'capital','7'),(16491,'passed','7'),(16492,'straight','7'),(16493,'freeze','7'),(16494,'wood','7'),(16495,'strait','7'),(16496,'phrase','7'),(16497,'writes','7'),(16498,'aisle','7'),(16499,'isle','7'),(16500,'principal','7'),(16501,'higher','7'),(16502,'hire','7'),(16503,'stationary','7'),(16504,'rights','7'),(16505,'gorilla','7'),(16506,'hostile','7'),(16507,'stationery','7'),(16508,'capitol','7'),(16509,'idle','7'),(16510,'idol','7'),(16511,'frees','7'),(16512,'frays','7'),(16513,'hostel','7'),(16514,'guerilla','7'),(16515,'inspire','7'),(16516,'operator','7'),(16517,'combine','7'),(16518,'inspiration','7'),(16519,'operatives','7'),(16520,'crimes','7'),(16521,'indicate','7'),(16522,'imitation','7'),(16523,'imitate','7'),(16524,'depart','7'),(16525,'regulate','7'),(16526,'regulation','7'),(16527,'deprive','7'),(16528,'exception','7'),(16529,'combination','7'),(16530,'academic','7'),(16531,'academy','7'),(16532,'departure','7'),(16533,'deprivation','7'),(16534,'criminals','7'),(16535,'exceptional','7'),(16536,'implication','7'),(16537,'indicative','7'),(16538,'implicate','7'),(16539,'safety','7'),(16540,'personality','7'),(16541,'flexibility','7'),(16542,'university','7'),(16543,'cruelty','7'),(16544,'electricity','7'),(16545,'publicity','7'),(16546,'subscription','7'),(16547,'anxiety','7'),(16548,'society','7'),(16549,'ejection','7'),(16550,'consideration','7'),(16551,'reduction','7'),(16552,'specialty','7'),(16553,'sincerity','7'),(16554,'security','7'),(16555,'reality','7'),(16556,'recognition','7'),(16557,'credibility','7'),(16558,'deception','7'),(16559,'hospitality','7'),(16560,'deposition','7'),(16561,'addiction','7'),(16562,'condemnation','7'),(16563,'its','7'),(16564,'secretaries','7'),(16565,'ours','7'),(16566,'ladies\'','7'),(16567,'farmer\'s','7'),(16568,'theirs','7'),(16569,'hers','7'),(16570,'counties','7'),(16571,'communities','7'),(16572,'sister\'s','7'),(16573,'sisters\'','7'),(16574,'farmers\'','7'),(16575,'witnesses','7'),(16576,'St. Patrick\'s Day','7'),(16577,'James','7'),(16578,'family\'s','7'),(16579,'families\'','7'),(16580,'witness\'s','7'),(16581,'witnesses\'','7'),(16582,'laboratory\'s','7'),(16583,'laboratories\'','7'),(16584,'lady\'s','7'),(16585,'James\'s','7'),(16586,'grandparent\'s','7'),(16587,'grandparents\'','7'),(16588,'logical','7'),(16589,'abandon','7'),(16590,'ancestor','7'),(16591,'companion','7'),(16592,'acquittal','7'),(16593,'vertical','7'),(16594,'postal','7'),(16595,'European','7'),(16596,'comparison','7'),(16597,'tangible','7'),(16598,'rectangle','7'),(16599,'excitable','7'),(16600,'identical','7'),(16601,'murmur','7'),(16602,'chameleon','7'),(16603,'interior','7'),(16604,'superior','7'),(16605,'ample','7'),(16606,'sponsor','7'),(16607,'barbarian','7'),(16608,'impartial','7'),(16609,'immoral','7'),(16610,'sulfur','7'),(16611,'endeavor','7'),(16612,'metropolitan','7'),(16613,'material','7'),(16614,'cemetery','7'),(16615,'bulletin','7'),(16616,'popular','7'),(16617,'invitation','7'),(16618,'literal','7'),(16619,'meticulous','7'),(16620,'episode','7'),(16621,'opinion','7'),(16622,'senator','7'),(16623,'substitute','7'),(16624,'clients','7'),(16625,'despondent','7'),(16626,'eventually','7'),(16627,'binoculars','7'),(16628,'participate','7'),(16629,'competition','7'),(16630,'agriculture','7'),(16631,'precision','7'),(16632,'vitamin','7'),(16633,'ensure','7'),(16634,'hypothesis','7'),(16635,'transcontinental','7'),(16636,'reasonably','7'),(16637,'misdemeanor','7'),(16638,'media','7'),(16639,'date','7'),(16640,'trivia','7'),(16641,'fungi','7'),(16642,'scarves','7'),(16643,'cuffs','7'),(16644,'mosquitos','7'),(16645,'zeros','7'),(16646,'aircraft','7'),(16647,'stories','7'),(16648,'motives','7'),(16649,'alumni','7'),(16650,'portfolios','7'),(16651,'chefs','7'),(16652,'hypotheses','7'),(16653,'analyses','7'),(16654,'torpedoes','7'),(16655,'bookshelves','7'),(16656,'cargoes','7'),(16657,'mottoes','7'),(16658,'oases','7'),(16659,'dynamos','7'),(16660,'innuendoes','7'),(16661,'curricula','7'),(16662,'nuclei','7'),(16663,'astrology','7'),(16664,'astronomy','7'),(16665,'ecology','7'),(16666,'technology','7'),(16667,'astronaut','7'),(16668,'microchip','7'),(16669,'microfilm','7'),(16670,'microscope','7'),(16671,'asterisk','7'),(16672,'disastrous','7'),(16673,'asteroid','7'),(16674,'astronomer','7'),(16675,'mythology','7'),(16676,'geology','7'),(16677,'microwave','7'),(16678,'microbe','7'),(16679,'microorganism','7'),(16680,'entomology','7'),(16681,'etymology','7'),(16682,'ideology','7'),(16683,'anthology','7'),(16684,'microbiology','7'),(16685,'meteorology','7'),(16686,'anthropology','7'),(16687,'astronomical','7'),(16688,'organize','7'),(16689,'memorize','7'),(16690,'advertise','7'),(16691,'supervise','7'),(16692,'justice','7'),(16693,'despise','7'),(16694,'sympathize','7'),(16695,'merchandise','7'),(16696,'compromise','7'),(16697,'accomplice','7'),(16698,'prejudice','7'),(16699,'improvise','7'),(16700,'apprentice','7'),(16701,'cowardice','7'),(16702,'novice','7'),(16703,'sacrifice','7'),(16704,'solstice','7'),(16705,'authorize','7'),(16706,'pasteurize','7'),(16707,'devise','7'),(16708,'specialize','7'),(16709,'chastise','7'),(16710,'paradise','7'),(16711,'characterize','7'),(16712,'enfranchise','7'),(16713,'somebody','7'),(16714,'someplace','7'),(16715,'field trip','7'),(16716,'gravestones','7'),(16717,'sledgehammer','7'),(16718,'stomachache','7'),(16719,'homemade','7'),(16720,'snowmobile','7'),(16721,'newsstand','7'),(16722,'water cycle','7'),(16723,'newsroom','7'),(16724,'high school','7'),(16725,'magnetic field','7'),(16726,'jet stream','7'),(16727,'relay race','7'),(16728,'vice versa','7'),(16729,'racquetball','7'),(16730,'life cycle','7'),(16731,'prime meridian','7'),(16732,'keepsake','7'),(16733,'roller skate','7'),(16734,'pine cone','7'),(16735,'wind sock','7'),(16736,'rain gauge','7'),(16737,'sea level','7'),(16738,'temporary','7'),(16739,'imaginary','7'),(16740,'vocabulary','7'),(16741,'satisfactory','7'),(16742,'secondary','7'),(16743,'advisory','7'),(16744,'scenery','7'),(16745,'machinery','7'),(16746,'nursery','7'),(16747,'bravery','7'),(16748,'fiery','7'),(16749,'solitary','7'),(16750,'ordinary','7'),(16751,'directory','7'),(16752,'dormitory','7'),(16753,'explanatory','7'),(16754,'burglary','7'),(16755,'mandatory','7'),(16756,'exclamatory','7'),(16757,'confectionery','7'),(16758,'itinerary','7'),(16759,'beneficiary','7'),(16760,'bribery','7'),(16761,'obligatory','7'),(16762,'discriminatory','7'),(16763,'pendulum','7'),(16764,'projectile','7'),(16765,'conjecture','7'),(16766,'injection','7'),(16767,'disrupting','7'),(16768,'dejected','7'),(16769,'bankrupt','7'),(16770,'rupture','7'),(16771,'trajectory','7'),(16772,'products','7'),(16773,'pendant','7'),(16774,'appendage','7'),(16775,'induction','7'),(16776,'suspended','7'),(16777,'impending','7'),(16778,'conductor','7'),(16779,'interjection','7'),(16780,'abducted','7'),(16781,'perpendicular','7'),(16782,'objective','7'),(16783,'deductions','7'),(16784,'corruption','7'),(16785,'aqueduct','7'),(16786,'eruption','7'),(16787,'expenditure','7'),(16788,'pedestrian','7'),(16789,'musician','7'),(16790,'politician','7'),(16791,'physician','7'),(16792,'technician','7'),(16793,'participant','7'),(16794,'dependent','7'),(16795,'superintendent','7'),(16796,'comedian','7'),(16797,'soloist','7'),(16798,'novelist','7'),(16799,'custodian','7'),(16800,'pediatrician','7'),(16801,'specialist','7'),(16802,'florist','7'),(16803,'chemist','7'),(16804,'defendant','7'),(16805,'accountant','7'),(16806,'vice president','7'),(16807,'pharmacist','7'),(16808,'machinist','7'),(16809,'balloonist','7'),(16810,'attendant','7'),(16811,'motorist','7'),(16812,'incumbent','7'),(16813,'continual','7'),(16814,'descent','7'),(16815,'advice','7'),(16816,'formal','7'),(16817,'adverse','7'),(16818,'effect','7'),(16819,'moral','7'),(16820,'morale','7'),(16821,'affect','7'),(16822,'advise','7'),(16823,'former','7'),(16824,'adapt','7'),(16825,'disinterested','7'),(16826,'continuous','7'),(16827,'preceded','7'),(16828,'proposition','7'),(16829,'proceeded','7'),(16830,'dissent','7'),(16831,'respectively','7'),(16832,'respectfully','7'),(16833,'uninterested','7'),(16834,'persecution','7'),(16835,'prosecution','7'),(16836,'averse','7'),(16837,'dramatically','7'),(16838,'Easter','7'),(16839,'frightened','7'),(16840,'definitely','7'),(16841,'sincerely','7'),(16842,'supposed','7'),(16843,'boundary','7'),(16844,'funeral','7'),(16845,'incidentally','7'),(16846,'quantity','7'),(16847,'candidate','7'),(16848,'extremely','7'),(16849,'laboratory','7'),(16850,'threatening','7'),(16851,'identity','7'),(16852,'specific','7'),(16853,'coronation','7'),(16854,'errands','7'),(16855,'indictment','7'),(16856,'eighths','7'),(16857,'rapport','7'),(16858,'incandescent','7'),(16859,'genealogist','7'),(16860,'enthusiastically','7'),(16861,'meringue','7'),(16862,'mosquito','7'),(16863,'hurricane','7'),(16864,'volcano','7'),(16865,'orangutan','7'),(16866,'cocoa','7'),(16867,'chimpanzee','7'),(16868,'tundra','7'),(16869,'poncho','7'),(16870,'llama','7'),(16871,'coconut','7'),(16872,'jaguar','7'),(16873,'pretzel','7'),(16874,'opossum','7'),(16875,'barracuda','7'),(16876,'lagoon','7'),(16877,'yogurt','7'),(16878,'bagel','7'),(16879,'typhoon','7'),(16880,'caribou','7'),(16881,'monsoon','7'),(16882,'gazelle','7'),(16883,'bayou','7'),(16884,'reservoir','7'),(16885,'ptarmigan','7'),(16886,'wildebeest','7'),(16887,'economy','7'),(16888,'elastic','7'),(16889,'alternate','7'),(16890,'distinction','7'),(16891,'restore','7'),(16892,'official','7'),(16893,'evaluate','7'),(16894,'detect','7'),(16895,'initiative','7'),(16896,'initiate','7'),(16897,'normal','7'),(16898,'confiscate','7'),(16899,'distinct','7'),(16900,'concentrate','7'),(16901,'concentrating','7'),(16902,'evaluation','7'),(16903,'offices','7'),(16904,'alternative','7'),(16905,'contaminate','7'),(16906,'economics','7'),(16907,'elasticity','7'),(16908,'detection','7'),(16909,'normality','7'),(16910,'confiscation','7'),(16911,'contamination','7'),(16912,'bicycle','7'),(16913,'unicycle','7'),(16914,'unique','7'),(16915,'triangle','7'),(16916,'unison','7'),(16917,'semipro','7'),(16918,'semicircle','7'),(16919,'biannual','7'),(16920,'biweekly','7'),(16921,'biceps','7'),(16922,'tripod','7'),(16923,'triathlon','7'),(16924,'universal','7'),(16925,'unify','7'),(16926,'semicolon','7'),(16927,'semisweet','7'),(16928,'semiformal','7'),(16929,'triplet','7'),(16930,'trillion','7'),(16931,'biennial','7'),(16932,'trilogy','7'),(16933,'semiconscious','7'),(16934,'unicellular','7'),(16935,'triplicate','7'),(16936,'bicultural','7'),(16937,'audience','7'),(16938,'prospective','7'),(16939,'auditorium','7'),(16940,'suspect','7'),(16941,'vision','7'),(16942,'vista','7'),(16943,'verdict','7'),(16944,'prospect','7'),(16945,'dictator','7'),(16946,'revise','7'),(16947,'supervision','7'),(16948,'inspecting','7'),(16949,'perspective','7'),(16950,'unpredictable','7'),(16951,'inspector','7'),(16952,'audible','7'),(16953,'provision','7'),(16954,'benediction','7'),(16955,'visitors','7'),(16956,'spectacles','7'),(16957,'audit','7'),(16958,'visibility','7'),(16959,'contradictory','7'),(16960,'valedictory','7'),(16961,'inaudible','7'),(16962,'explain','7'),(16963,'collision','7'),(16964,'collide','7'),(16965,'acclaim','7'),(16966,'erosion','7'),(16967,'repetition','7'),(16968,'erode','7'),(16969,'maintain','7'),(16970,'repeat','7'),(16971,'generosity','7'),(16972,'pronunciation','7'),(16973,'generous','7'),(16974,'extend','7'),(16975,'expand','7'),(16976,'permitted','7'),(16977,'pronounce','7'),(16978,'permit','7'),(16979,'permissible','7'),(16980,'emphasis','7'),(16981,'extending','7'),(16982,'maintains','7'),(16983,'emphatic','7'),(16984,'extensive','7'),(16985,'acclamation','7'),(16986,'remit','7'),(16987,'procession','7'),(16988,'procedure','7'),(16989,'concession','7'),(16990,'motivate','7'),(16991,'missionary','7'),(16992,'submit','7'),(16993,'promotion','7'),(16994,'motivation','7'),(16995,'accessory','7'),(16996,'missile','7'),(16997,'predecessor','7'),(16998,'emotion','7'),(16999,'receding','7'),(17000,'dismissed','7'),(17001,'mobile','7'),(17002,'immovable','7'),(17003,'antecedent','7'),(17004,'mobilize','7'),(17005,'intercede','7'),(17006,'intermittent','7'),(17007,'transmitter','7'),(17008,'locomotion','7'),(17009,'commissariat','7'),(17010,'motioning','7'),(17011,'discourage','7'),(17012,'decompose','7'),(17013,'nonviolent','7'),(17014,'uncovered','7'),(17015,'disorganized','7'),(17016,'disrespect','7'),(17017,'untidy','7'),(17018,'decline','7'),(17019,'unappetizing','7'),(17020,'disenchanted','7'),(17021,'dehydrated','7'),(17022,'disability','7'),(17023,'undefeated','7'),(17024,'unbreakable','7'),(17025,'nonrenewable','7'),(17026,'disgraceful','7'),(17027,'dehydrate','7'),(17028,'nonessential','7'),(17029,'disrepute','7'),(17030,'dissection','7'),(17031,'disown','7'),(17032,'departing','7'),(17033,'nonexistent','7'),(17034,'nonpoisonous','7'),(17035,'unbusinesslike','7'),(17036,'vehicle','7'),(17037,'reign','7'),(17038,'foreign','7'),(17039,'shepherd','7'),(17040,'psychology','7'),(17041,'acquiesce','7'),(17042,'rhinoceros','7'),(17043,'rhinestone','7'),(17044,'rhymes','7'),(17045,'crescent','7'),(17046,'excursion','7'),(17047,'campaign','7'),(17048,'asthma','7'),(17049,'raspberry','7'),(17050,'disciple','7'),(17051,'cologne','7'),(17052,'fluorescent','7'),(17053,'psychological','7'),(17054,'adolescence','7'),(17055,'heirloom','7'),(17056,'pseudonym','7'),(17057,'consciousness','7'),(17058,'rhapsody','7'),(17059,'graham cracker','7'),(17060,'Washington','7'),(17061,'privilege','7'),(17062,'algebra','7'),(17063,'drowning','7'),(17064,'lantern','7'),(17065,'icicles','7'),(17066,'explode','7'),(17067,'bachelor','7'),(17068,'escaped','7'),(17069,'fulfill','7'),(17070,'tragedy','7'),(17071,'specialized','7'),(17072,'unruly','7'),(17073,'sovereign','7'),(17074,'arthritis','7'),(17075,'nuclear','7'),(17076,'sherbet','7'),(17077,'escort','7'),(17078,'argumentative','7'),(17079,'appreciable','7'),(17080,'tantamount','7'),(17081,'pavilion','7'),(17082,'remnants','7'),(17083,'judgmental','7'),(17084,'consumable','7'),(17085,'compass','7'),(17086,'Buddhism','7'),(17087,'fireworks','7'),(17088,'prosperity','7'),(17089,'isolated','7'),(17090,'senatorial','7'),(17091,'dingo','7'),(17092,'Judaism','7'),(17093,'topographic map','7'),(17094,'political map','7'),(17095,'boomerangs','7'),(17096,'nomadic','7'),(17097,'Islam','7'),(17098,'Canberra','7'),(17099,'Arabic','7'),(17100,'boundaries','7'),(17101,'diversity','7'),(17102,'decimal system','7'),(17103,'monsoons','7'),(17104,'cartographers','7'),(17105,'extends','7'),(17106,'gunpowder','7'),(17107,'distortion','7'),(17108,'elevations','7'),(17109,'festivals','7'),(17110,'encyclopedia','7'),(17111,'consternation','7'),(17112,'unanimous','7'),(17113,'emergency','7'),(17114,'noncommunicable','7'),(17115,'reconsider','7'),(17116,'competitive','7'),(17117,'disagreeable','7'),(17118,'ravioli','7'),(17119,'appetizing','7'),(17120,'excusable','7'),(17121,'instinctively','7'),(17122,'nonsensical','7'),(17123,'miscalculation','7'),(17124,'unfaithfulness','7'),(17125,'petroleum','7'),(17126,'instantaneous','7'),(17127,'devastation','7'),(17128,'exaggeration','7'),(17129,'dissenter','7'),(17130,'uncontrollable','7'),(17131,'condominium','7'),(17132,'untrustworthy','7'),(17133,'undisciplinable','7'),(17134,'ukulele','7'),(17135,'cactus','7'),(17136,'peninsula','7'),(17137,'patriot','7'),(17138,'empire','7'),(17139,'amendment','7'),(17140,'nominate','7'),(17141,'pictograph','7'),(17142,'papoose','7'),(17143,'pacifist','7'),(17144,'iconoclasm','7'),(17145,'obituary','7'),(17146,'cuneiform','7'),(17147,'onager','7'),(17148,'byre','7'),(17149,'sojourn','7'),(17150,'politicians','7'),(17151,'expeditions','7'),(17152,'pollster','7'),(17153,'chopsticks','7'),(17154,'Hebrew','7'),(17155,'acropolis','7'),(17156,'pentathlon','7'),(17157,'monotheistic','7'),(17158,'circumnavigate','7'),(17159,'conquistadors','7'),(17160,'conservation','7'),(17161,'evaporation','7'),(17162,'amphibious','7'),(17163,'resin','7'),(17164,'onyx','7'),(17165,'oceanography','7'),(17166,'seismograph','7'),(17167,'salinity','7'),(17168,'aquifer','7'),(17169,'watershed','7'),(17170,'biologist','7'),(17171,'phenomena','7'),(17172,'eroding','7'),(17173,'conifer','7'),(17174,'proboscis','7'),(17175,'nymph','7'),(17176,'pseudopod','7'),(17177,'deforestation','7'),(17178,'water vapor','7'),(17179,'groundwater','7'),(17180,'wetland','7'),(17181,'catchment','7'),(17182,'desalination','7'),(17183,'runoff','7'),(17184,'water reclamation','7'),(17185,'bones','7'),(17186,'cell','7'),(17187,'biology','7'),(17188,'humidity','7'),(17189,'irrigation','7'),(17190,'tentacle','7'),(17191,'metamorphic','7'),(17192,'stalagmite','7'),(17193,'stalactite','7'),(17194,'crystallize','7'),(17195,'cotyledon','7'),(17196,'inquisitive','7'),(17197,'transmuted','7'),(17198,'ocelot','7'),(17199,'mutant','7'),(17200,'quadruped','7'),(17201,'coagulate','7'),(17202,'epizootic','7'),(17203,'hibiscus','7'),(17204,'laniary','7'),(17205,'longitudinal','7'),(17206,'horticulture','7'),(17207,'vacuole','7'),(17208,'barnacle','7'),(17209,'vertebrae','7'),(17210,'stomach','7'),(17211,'habitat','7'),(17212,'skeletons','7'),(17213,'nucleus','7'),(17214,'community','7'),(17215,'genes','7'),(17216,'species','7'),(17217,'host','7'),(17218,'organism','7'),(17219,'viruses','7'),(17220,'kingdom','7'),(17221,'classification','7'),(17222,'digestive','7'),(17223,'vaccine','7'),(17224,'reasoning','7'),(17225,'heredity','7'),(17226,'environments','7'),(17227,'recyclable','7'),(17228,'herbivore','7'),(17229,'dominant','7'),(17230,'traits','7'),(17231,'cartilage','7'),(17232,'anemia','7'),(17233,'saliva','7'),(17234,'phylum','7'),(17235,'pepper','7'),(17236,'kimonos','7'),(17237,'artifact','7'),(17238,'sacred','7'),(17239,'projection','7'),(17240,'samurai','7'),(17241,'ivory','7'),(17242,'Christianity','7'),(17243,'wheelbarrow','7'),(17244,'kangaroos','7'),(17245,'agrarian','7'),(17246,'volcanic','7'),(17247,'bronze','7'),(17248,'eucalyptus','7'),(17249,'flourishes','7'),(17250,'oasis','7'),(17251,'sarcophagus','7'),(17252,'kookaburra','7'),(17253,'arid','7'),(17254,'umbrellas','7'),(17255,'calligraphy','7'),(17256,'porcelain','7'),(17257,'metropolis','7'),(17258,'merchants','7'),(17259,'marsupials','7'),(17260,'shock','7'),(17261,'hormones','7'),(17262,'consumer','7'),(17263,'thermometer','7'),(17264,'diagnose','7'),(17265,'stamina','7'),(17266,'paralyzed','7'),(17267,'conditioner','7'),(17268,'politely','7'),(17269,'incision','7'),(17270,'aerobics','7'),(17271,'atrophy','7'),(17272,'leukemia','7'),(17273,'elixir','7'),(17274,'mortician','7'),(17275,'toothache','7'),(17276,'inoculate','7'),(17277,'hallucinogen','7'),(17278,'halitosis','7'),(17279,'lesion','7'),(17280,'allergies','7'),(17281,'first aid','7'),(17282,'dermatologist','7'),(17283,'acne','7'),(17284,'sprain','7'),(17285,'teacher','7'),(17286,'smog','7'),(17287,'frostbite','7'),(17288,'persuade','7'),(17289,'instinct','7'),(17290,'producers','7'),(17291,'pollution','7'),(17292,'protection','7'),(17293,'plasma','7'),(17294,'toxin','7'),(17295,'fuel','7'),(17296,'fracture','7'),(17297,'splint','7'),(17298,'consumers','7'),(17299,'sunscreen','7'),(17300,'joints','7'),(17301,'lifeguard','7'),(17302,'plague','7'),(17303,'liver','7'),(17304,'ecosystem','7'),(17305,'cells','7'),(17306,'fluoride','7'),(17307,'floss','7'),(17308,'genetic','7'),(17309,'writer','7'),(17310,'commute','7'),(17311,'gigantic','7'),(17312,'pursuit','7'),(17313,'lawyer','7'),(17314,'fantastic','7'),(17315,'monsters','7'),(17316,'nightmare','7'),(17317,'career','7'),(17318,'mystery','7'),(17319,'dialogue','7'),(17320,'encourages','7'),(17321,'scientist','7'),(17322,'surgeon','7'),(17323,'nomads','7'),(17324,'limelight','7'),(17325,'resources','7'),(17326,'photographer','7'),(17327,'contemporary','7'),(17328,'pilgrimage','7'),(17329,'dowry','7'),(17330,'camaraderie','7'),(17331,'fictional','7'),(17332,'goddesses','7'),(17333,'infatuation','7'),(17334,'compare','7'),(17335,'kilogram','7'),(17336,'divisor','7'),(17337,'decimal','7'),(17338,'hendecagon','7'),(17339,'positive','7'),(17340,'micrometer','7'),(17341,'bisect','7'),(17342,'numerator','7'),(17343,'linear','7'),(17344,'horizontal','7'),(17345,'congruent','7'),(17346,'vertex','7'),(17347,'convex','7'),(17348,'protractor','7'),(17349,'decagon','7'),(17350,'coordinates','7'),(17351,'cipher','7'),(17352,'infinitesimal','7'),(17353,'subordinate','7'),(17354,'epicycloid','7'),(17355,'pentahedron','7'),(17356,'arc','7'),(17357,'inverse','7'),(17358,'infinity','7'),(17359,'surprised','6'),(17360,'decided','6'),(17361,'included','6'),(17362,'answering','6'),(17363,'surprising','6'),(17364,'answered','6'),(17365,'abbreviated','6'),(17366,'compared','6'),(17367,'omitting','6'),(17368,'deciding','6'),(17369,'borrowed','6'),(17370,'satisfied','6'),(17371,'borrowing','6'),(17372,'patrolling','6'),(17373,'comparing','6'),(17374,'dignifying','6'),(17375,'satisfying','6'),(17376,'including','6'),(17377,'omitted','6'),(17378,'dignified','6'),(17379,'interfered','6'),(17380,'interfering','6'),(17381,'abbreviating','6'),(17382,'exercised','6'),(17383,'exercising','6'),(17384,'command','6'),(17385,'dissipate','6'),(17386,'essential','6'),(17387,'interrupt','6'),(17388,'Tennessee','6'),(17389,'Mississippi','6'),(17390,'according','6'),(17391,'connect','6'),(17392,'announce','6'),(17393,'broccoli','6'),(17394,'barricade','6'),(17395,'college','6'),(17396,'accomplish','6'),(17397,'afford','6'),(17398,'dilemma','6'),(17399,'committed','6'),(17400,'embassy','6'),(17401,'collect','6'),(17402,'immediate','6'),(17403,'sloppiness','6'),(17404,'unnecessary','6'),(17405,'rebuttal','6'),(17406,'concessionaire','6'),(17407,'disseminate','6'),(17408,'accompaniment','6'),(17409,'assure','6'),(17410,'chose','6'),(17411,'breath','6'),(17412,'later','6'),(17413,'choose','6'),(17414,'allude','6'),(17415,'elude','6'),(17416,'excess','6'),(17417,'access','6'),(17418,'breadth','6'),(17419,'recent','6'),(17420,'assent','6'),(17421,'ascent','6'),(17422,'immigrant','6'),(17423,'envelop','6'),(17424,'resent','6'),(17425,'latter','6'),(17426,'formally','6'),(17427,'eliminate','6'),(17428,'formerly','6'),(17429,'proceeding','6'),(17430,'preceding','6'),(17431,'illuminate','6'),(17432,'emigrant','6'),(17433,'illegal','6'),(17434,'irresponsible','6'),(17435,'illegible','6'),(17436,'immerse','6'),(17437,'impolite','6'),(17438,'improper','6'),(17439,'inexpensive','6'),(17440,'illogical','6'),(17441,'illiterate','6'),(17442,'irrelevant','6'),(17443,'irresistible','6'),(17444,'impatient','6'),(17445,'immature','6'),(17446,'informal','6'),(17447,'inconsiderate','6'),(17448,'incapable','6'),(17449,'imperfect','6'),(17450,'irregular','6'),(17451,'inconvenient','6'),(17452,'inaccurate','6'),(17453,'irrational','6'),(17454,'irreplaceable','6'),(17455,'inability','6'),(17456,'indefinitely','6'),(17457,'immaterial','6'),(17458,'disturb','6'),(17459,'worst','6'),(17460,'determine','6'),(17461,'enormous','6'),(17462,'parachute','6'),(17463,'equator','6'),(17464,'numerous','6'),(17465,'records','6'),(17466,'thorough','6'),(17467,'service','6'),(17468,'expert','6'),(17469,'attorney','6'),(17470,'worth','6'),(17471,'earning','6'),(17472,'altogether','6'),(17473,'evaporate','6'),(17474,'furthermore','6'),(17475,'tutor','6'),(17476,'exterior','6'),(17477,'informative','6'),(17478,'monarchy','6'),(17479,'remorseful','6'),(17480,'operations','6'),(17481,'asparagus','6'),(17482,'mortified','6'),(17483,'stubbornness','6'),(17484,'distance','6'),(17485,'address','6'),(17486,'injury','6'),(17487,'admire','6'),(17488,'property','6'),(17489,'necessary','6'),(17490,'lemonade','6'),(17491,'clumsy','6'),(17492,'trudge','6'),(17493,'magnify','6'),(17494,'modern','6'),(17495,'reluctant','6'),(17496,'comedy','6'),(17497,'strict','6'),(17498,'honesty','6'),(17499,'dungeon','6'),(17500,'triple','6'),(17501,'thunderstorm','6'),(17502,'hundredth','6'),(17503,'reconcile','6'),(17504,'swimmer','6'),(17505,'adequate','6'),(17506,'insulation','6'),(17507,'subjected','6'),(17508,'canopy','6'),(17509,'megaphone','6'),(17510,'airport','6'),(17511,'autograph','6'),(17512,'autobiography','6'),(17513,'microphone','6'),(17514,'symphony','6'),(17515,'automatic','6'),(17516,'export','6'),(17517,'import','6'),(17518,'transport','6'),(17519,'telegraph','6'),(17520,'televise','6'),(17521,'telescope','6'),(17522,'xylophone','6'),(17523,'automobile','6'),(17524,'phonics','6'),(17525,'aquatic','6'),(17526,'saxophone','6'),(17527,'deportation','6'),(17528,'headphones','6'),(17529,'passport','6'),(17530,'cacophony','6'),(17531,'telecommunication','6'),(17532,'autonomy','6'),(17533,'autocrat','6'),(17534,'attention','6'),(17535,'convention','6'),(17536,'collection','6'),(17537,'compression','6'),(17538,'reaction','6'),(17539,'resolution','6'),(17540,'extension','6'),(17541,'expression','6'),(17542,'precipitation','6'),(17543,'exploration','6'),(17544,'occupation','6'),(17545,'destination','6'),(17546,'infection','6'),(17547,'orientation','6'),(17548,'recommendation','6'),(17549,'reception','6'),(17550,'destruction','6'),(17551,'version','6'),(17552,'administration','6'),(17553,'concentration','6'),(17554,'designation','6'),(17555,'abbreviation','6'),(17556,'investigation','6'),(17557,'cancellation','6'),(17558,'temptation','6'),(17559,'vanilla','6'),(17560,'pizza','6'),(17561,'tepee','6'),(17562,'banana','6'),(17563,'moose','6'),(17564,'bungalow','6'),(17565,'mustard','6'),(17566,'ballet','6'),(17567,'artichoke','6'),(17568,'hula','6'),(17569,'macaroni','6'),(17570,'cobra','6'),(17571,'crocodile','6'),(17572,'coyote','6'),(17573,'platypus','6'),(17574,'waltz','6'),(17575,'barbecue','6'),(17576,'tomato','6'),(17577,'alligator','6'),(17578,'koala','6'),(17579,'catsup','6'),(17580,'polka','6'),(17581,'lasagna','6'),(17582,'sauerkraut','6'),(17583,'piazza','6'),(17584,'through','6'),(17585,'neighborhood','6'),(17586,'poetry','6'),(17587,'building','6'),(17588,'thoroughbred','6'),(17589,'soldier','6'),(17590,'prefer','6'),(17591,'enemy','6'),(17592,'boulevard','6'),(17593,'license','6'),(17594,'adjusted','6'),(17595,'tongue','6'),(17596,'perform','6'),(17597,'beautician','6'),(17598,'precipitous','6'),(17599,'tremendous','6'),(17600,'remodel','6'),(17601,'poetic','6'),(17602,'animation','6'),(17603,'instrument','6'),(17604,'mediocre','6'),(17605,'judged','6'),(17606,'neutrality','6'),(17607,'unusually','6'),(17608,'baccalaureate','6'),(17609,'perceptible','6'),(17610,'actuality','6'),(17611,'insect\'s','6'),(17612,'who\'s','6'),(17613,'o\'clock','6'),(17614,'horses\'','6'),(17615,'here\'s','6'),(17616,'grandma\'s','6'),(17617,'boys\'','6'),(17618,'actor\'s','6'),(17619,'boss\'s','6'),(17620,'babies\'','6'),(17621,'mustn\'t','6'),(17622,'man\'s','6'),(17623,'iceberg\'s','6'),(17624,'chef\'s','6'),(17625,'men\'s','6'),(17626,'everyone\'s','6'),(17627,'boy\'s','6'),(17628,'buyer\'s','6'),(17629,'advertiser\'s','6'),(17630,'baby\'s','6'),(17631,'brother\'s','6'),(17632,'mayor\'s','6'),(17633,'champion\'s','6'),(17634,'Canada\'s','6'),(17635,'parent\'s','6'),(17636,'autumn','6'),(17637,'science','6'),(17638,'condemn','6'),(17639,'debt','6'),(17640,'solemn','6'),(17641,'league','6'),(17642,'fatigue','6'),(17643,'vague','6'),(17644,'scenic','6'),(17645,'anguish','6'),(17646,'discipline','6'),(17647,'guilty','6'),(17648,'guardian','6'),(17649,'adolescent','6'),(17650,'monologue','6'),(17651,'subtle','6'),(17652,'reminiscent','6'),(17653,'intrigue','6'),(17654,'disguised','6'),(17655,'fascinate','6'),(17656,'descendant','6'),(17657,'columns','6'),(17658,'guiding','6'),(17659,'undoubtedly','6'),(17660,'susceptible','6'),(17661,'brief','6'),(17662,'grief','6'),(17663,'shield','6'),(17664,'eighty','6'),(17665,'yield','6'),(17666,'neither','6'),(17667,'groceries','6'),(17668,'deceive','6'),(17669,'vein','6'),(17670,'receipt','6'),(17671,'ascertain','6'),(17672,'neighborly','6'),(17673,'wield','6'),(17674,'leisure','6'),(17675,'apiece','6'),(17676,'receiver','6'),(17677,'conceivable','6'),(17678,'retrieval','6'),(17679,'unwieldy','6'),(17680,'hygiene','6'),(17681,'diesel','6'),(17682,'heifer','6'),(17683,'fierceness','6'),(17684,'debrief','6'),(17685,'perceivable','6'),(17686,'costume','6'),(17687,'preview','6'),(17688,'United States','6'),(17689,'interview','6'),(17690,'uniform','6'),(17691,'New York','6'),(17692,'attitude','6'),(17693,'assume','6'),(17694,'humid','6'),(17695,'discontinue','6'),(17696,'absolutely','6'),(17697,'pursue','6'),(17698,'universe','6'),(17699,'translucent','6'),(17700,'reunion','6'),(17701,'ewe','6'),(17702,'deduce','6'),(17703,'aptitude','6'),(17704,'sewer','6'),(17705,'viewpoint','6'),(17706,'fugitive','6'),(17707,'values','6'),(17708,'brewery','6'),(17709,'pewter','6'),(17710,'reviewer','6'),(17711,'exhale','6'),(17712,'overflow','6'),(17713,'exhaust','6'),(17714,'postwar','6'),(17715,'postdate','6'),(17716,'exclude','6'),(17717,'underline','6'),(17718,'inhale','6'),(17719,'postman','6'),(17720,'exclaim','6'),(17721,'underwater','6'),(17722,'overgrown','6'),(17723,'overlook','6'),(17724,'postponement','6'),(17725,'preserved','6'),(17726,'prearrange','6'),(17727,'underweight','6'),(17728,'overweight','6'),(17729,'understudy','6'),(17730,'premonition','6'),(17731,'prevailed','6'),(17732,'preposterous','6'),(17733,'posthumous','6'),(17734,'precursor','6'),(17735,'overpriced','6'),(17736,'hyphen','6'),(17737,'level','6'),(17738,'eagle','6'),(17739,'forgotten','6'),(17740,'amphibian','6'),(17741,'propeller','6'),(17742,'toboggan','6'),(17743,'citizen','6'),(17744,'afghan','6'),(17745,'enlighten','6'),(17746,'multiple','6'),(17747,'conquer','6'),(17748,'collector','6'),(17749,'appetizer','6'),(17750,'tunnel','6'),(17751,'encounter','6'),(17752,'civilian','6'),(17753,'ambassador','6'),(17754,'denominator','6'),(17755,'desirable','6'),(17756,'colonel','6'),(17757,'credible','6'),(17758,'editor','6'),(17759,'pummel','6'),(17760,'accountable','6'),(17761,'aspirin','6'),(17762,'desperate','6'),(17763,'temperature','6'),(17764,'accidentally','6'),(17765,'separate','6'),(17766,'skiing','6'),(17767,'schedule','6'),(17768,'twelfth','6'),(17769,'promise','6'),(17770,'fishhook','6'),(17771,'environmental','6'),(17772,'counterfeit','6'),(17773,'average','6'),(17774,'cabinet','6'),(17775,'antidote','6'),(17776,'unwritten','6'),(17777,'wondering','6'),(17778,'overrule','6'),(17779,'xenophobia','6'),(17780,'toughening','6'),(17781,'sophomore','6'),(17782,'clothespin','6'),(17783,'disdainfully','6'),(17784,'unbearably','6'),(17785,'connoisseur','6'),(17786,'intelligence','6'),(17787,'disobedience','6'),(17788,'consistent','6'),(17789,'conscience','6'),(17790,'component','6'),(17791,'deodorant','6'),(17792,'disobedient','6'),(17793,'enrollment','6'),(17794,'compartment','6'),(17795,'significance','6'),(17796,'arrogance','6'),(17797,'hindrance','6'),(17798,'disturbance','6'),(17799,'hesitant','6'),(17800,'circumstance','6'),(17801,'croissant','6'),(17802,'ordinance','6'),(17803,'adjacent','6'),(17804,'disinfectant','6'),(17805,'assailant','6'),(17806,'flamboyance','6'),(17807,'ingredient','6'),(17808,'brilliance','6'),(17809,'diligence','6'),(17810,'indolence','6'),(17811,'elementary','6'),(17812,'usually','6'),(17813,'apologize','6'),(17814,'medicine','6'),(17815,'toward','6'),(17816,'Michigan','6'),(17817,'Maryland','6'),(17818,'chrome','6'),(17819,'zealous','6'),(17820,'business','6'),(17821,'oxygen','6'),(17822,'laughter','6'),(17823,'interested','6'),(17824,'opposite','6'),(17825,'decrease','6'),(17826,'parliament','6'),(17827,'sensitive','6'),(17828,'cantaloupe','6'),(17829,'temperatures','6'),(17830,'imply','6'),(17831,'archeologist','6'),(17832,'foliage','6'),(17833,'jealousy','6'),(17834,'beguiled','6'),(17835,'difficulty','6'),(17836,'weekend','6'),(17837,'teenager','6'),(17838,'itself','6'),(17839,'skateboard','6'),(17840,'compact disc','6'),(17841,'hallway','6'),(17842,'daybreak','6'),(17843,'iceberg','6'),(17844,'ice skate','6'),(17845,'turtleneck','6'),(17846,'sweatshirt','6'),(17847,'classmate','6'),(17848,'homeowner','6'),(17849,'doughnut','6'),(17850,'yourselves','6'),(17851,'airmail','6'),(17852,'backbone','6'),(17853,'homemaker','6'),(17854,'ballpark','6'),(17855,'fainthearted','6'),(17856,'lifetime','6'),(17857,'courtroom','6'),(17858,'everyplace','6'),(17859,'meantime','6'),(17860,'birdcage','6'),(17861,'fact','6'),(17862,'electric','6'),(17863,'magic','6'),(17864,'critic','6'),(17865,'faith','6'),(17866,'original','6'),(17867,'cooperate','6'),(17868,'individuality','6'),(17869,'cooperation','6'),(17870,'cooperative','6'),(17871,'production','6'),(17872,'electrician','6'),(17873,'accounts','6'),(17874,'magician','6'),(17875,'productivity','6'),(17876,'historians','6'),(17877,'individual','6'),(17878,'origin','6'),(17879,'criticize','6'),(17880,'intention','6'),(17881,'historical','6'),(17882,'factual','6'),(17883,'intent','6'),(17884,'accountants','6'),(17885,'unfaithful','6'),(17886,'wives','6'),(17887,'puffs','6'),(17888,'pianos','6'),(17889,'wolves','6'),(17890,'scarfs','6'),(17891,'buffaloes','6'),(17892,'chiefs','6'),(17893,'dominoes','6'),(17894,'reefs','6'),(17895,'staffs','6'),(17896,'ourselves','6'),(17897,'solos','6'),(17898,'volcanoes','6'),(17899,'measles','6'),(17900,'stereos','6'),(17901,'pants','6'),(17902,'hooves','6'),(17903,'spectators','6'),(17904,'selves','6'),(17905,'quizzes','6'),(17906,'embargoes','6'),(17907,'lassoes','6'),(17908,'flamingos','6'),(17909,'avocados','6'),(17910,'handcuffs','6'),(17911,'overdue','6'),(17912,'teammate','6'),(17913,'basketball','6'),(17914,'anywhere','6'),(17915,'bookkeeper','6'),(17916,'rosebush','6'),(17917,'headlights','6'),(17918,'eyesight','6'),(17919,'roommate','6'),(17920,'bedside','6'),(17921,'someday','6'),(17922,'paperback','6'),(17923,'homestead','6'),(17924,'afterthought','6'),(17925,'playwright','6'),(17926,'household','6'),(17927,'sunbathing','6'),(17928,'summertime','6'),(17929,'westward','6'),(17930,'cookware','6'),(17931,'passageway','6'),(17932,'quarterback','6'),(17933,'overdo','6'),(17934,'spacesuit','6'),(17935,'turnovers','6'),(17936,'cent','6'),(17937,'heal','6'),(17938,'sent','6'),(17939,'board','6'),(17940,'flour','6'),(17941,'flower','6'),(17942,'patience','6'),(17943,'foul','6'),(17944,'heel','6'),(17945,'patients','6'),(17946,'cereal','6'),(17947,'roam','6'),(17948,'bored','6'),(17949,'chilly','6'),(17950,'scent','6'),(17951,'Rome','6'),(17952,'counsel','6'),(17953,'pole','6'),(17954,'martial','6'),(17955,'fowl','6'),(17956,'serial','6'),(17957,'sheer','6'),(17958,'chili','6'),(17959,'shear','6'),(17960,'poll','6'),(17961,'marshal','6'),(17962,'sentence','6'),(17963,'Chicago','6'),(17964,'pessimism','6'),(17965,'variety','6'),(17966,'atmosphere','6'),(17967,'aquarium','6'),(17968,'garage','6'),(17969,'communicate','6'),(17970,'cistern','6'),(17971,'register','6'),(17972,'gasoline','6'),(17973,'porpoise','6'),(17974,'underdog','6'),(17975,'prominent','6'),(17976,'definite','6'),(17977,'factories','6'),(17978,'heavily','6'),(17979,'illustrate','6'),(17980,'equivalent','6'),(17981,'elegance','6'),(17982,'controversy','6'),(17983,'instance','6'),(17984,'indifferent','6'),(17985,'favoritism','6'),(17986,'suspicion','6'),(17987,'especially','6'),(17988,'motion','6'),(17989,'position','6'),(17990,'question','6'),(17991,'commercial','6'),(17992,'attraction','6'),(17993,'financial','6'),(17994,'glacier','6'),(17995,'suggestion','6'),(17996,'Constitution','6'),(17997,'fraction','6'),(17998,'digestion','6'),(17999,'sensational','6'),(18000,'mention','6'),(18001,'appreciation','6'),(18002,'appreciated','6'),(18003,'exhaustion','6'),(18004,'atrocious','6'),(18005,'ferocious','6'),(18006,'commotion','6'),(18007,'pretentious','6'),(18008,'depreciation','6'),(18009,'superstitious','6'),(18010,'fictitious','6'),(18011,'absorption','6'),(18012,'bomb','6'),(18013,'cleanliness','6'),(18014,'serve','6'),(18015,'haste','6'),(18016,'heir','6'),(18017,'bombard','6'),(18018,'naturalist','6'),(18019,'conservative','6'),(18020,'conserve','6'),(18021,'unite','6'),(18022,'humane','6'),(18023,'practical','6'),(18024,'humanity','6'),(18025,'equaled','6'),(18026,'cleanse','6'),(18027,'inherit','6'),(18028,'naturally','6'),(18029,'unity','6'),(18030,'hastened','6'),(18031,'majestic','6'),(18032,'majesty','6'),(18033,'equate','6'),(18034,'services','6'),(18035,'practically','6'),(18036,'does','6'),(18037,'expensive','6'),(18038,'refrigerator','6'),(18039,'athletic','6'),(18040,'awkward','6'),(18041,'drawer','6'),(18042,'exactly','6'),(18043,'partner','6'),(18044,'marriage','6'),(18045,'similar','6'),(18046,'develop','6'),(18047,'anticipated','6'),(18048,'pastime','6'),(18049,'pigeon','6'),(18050,'penalty','6'),(18051,'scepter','6'),(18052,'medieval','6'),(18053,'exquisite','6'),(18054,'trembling','6'),(18055,'sparkling','6'),(18056,'sleight','6'),(18057,'circling','6'),(18058,'tickling','6'),(18059,'capitalization','6'),(18060,'noxious','6'),(18061,'associate','6'),(18062,'affectionate','6'),(18063,'fortunate','6'),(18064,'appreciative','6'),(18065,'creative','6'),(18066,'compassionate','6'),(18067,'considerate','6'),(18068,'communicative','6'),(18069,'constructive','6'),(18070,'negative','6'),(18071,'attractive','6'),(18072,'statesmanship','6'),(18073,'kinship','6'),(18074,'authorship','6'),(18075,'activate','6'),(18076,'obligate','6'),(18077,'defective','6'),(18078,'productive','6'),(18079,'fellowship','6'),(18080,'scholarship','6'),(18081,'explosive','6'),(18082,'distinctive','6'),(18083,'abdicate','6'),(18084,'corrective','6'),(18085,'championship','6'),(18086,'awhile','6'),(18087,'chop suey','6'),(18088,'guinea pig','6'),(18089,'foresee','6'),(18090,'checkpoint','6'),(18091,'a lot','6'),(18092,'forget','6'),(18093,'polar bear','6'),(18094,'extraordinary','6'),(18095,'forever','6'),(18096,'cornfield','6'),(18097,'chopstick','6'),(18098,'livestock','6'),(18099,'cheeseburger','6'),(18100,'collarbone','6'),(18101,'calamine lotion','6'),(18102,'corkscrew','6'),(18103,'nevertheless','6'),(18104,'longtime','6'),(18105,'food processor','6'),(18106,'bona fide','6'),(18107,'backwards','6'),(18108,'main idea','6'),(18109,'cuckoo clock','6'),(18110,'each other','6'),(18111,'winning','6'),(18112,'forgetting','6'),(18113,'happened','6'),(18114,'upsetting','6'),(18115,'knitting','6'),(18116,'shopping','6'),(18117,'chopped','6'),(18118,'slippery','6'),(18119,'rotting','6'),(18120,'petting','6'),(18121,'fattest','6'),(18122,'stunned','6'),(18123,'forbidden','6'),(18124,'canning','6'),(18125,'acquitted','6'),(18126,'cunning','6'),(18127,'spinning','6'),(18128,'shredded','6'),(18129,'transferred','6'),(18130,'trimming','6'),(18131,'humming','6'),(18132,'controlling','6'),(18133,'snobbish','6'),(18134,'throbbed','6'),(18135,'submitting','6'),(18136,'benefit','6'),(18137,'kindergarten','6'),(18138,'brazen','6'),(18139,'expense','6'),(18140,'efficient','6'),(18141,'tentacles','6'),(18142,'permanent','6'),(18143,'repellent','6'),(18144,'influential','6'),(18145,'incident','6'),(18146,'presence','6'),(18147,'messenger','6'),(18148,'descend','6'),(18149,'residents','6'),(18150,'representative','6'),(18151,'fahrenheit','6'),(18152,'delicatessen','6'),(18153,'legendary','6'),(18154,'parentheses','6'),(18155,'strenuous','6'),(18156,'brethren','6'),(18157,'puzzlement','6'),(18158,'enterprise','6'),(18159,'tendency','6'),(18160,'tenant','6'),(18161,'cure','6'),(18162,'ridiculous','6'),(18163,'mediator','6'),(18164,'caused','6'),(18165,'senior','6'),(18166,'spectacular','6'),(18167,'spectacle','6'),(18168,'spectator','6'),(18169,'timid','6'),(18170,'civilize','6'),(18171,'suburban','6'),(18172,'derived','6'),(18173,'inspection','6'),(18174,'maternal','6'),(18175,'error','6'),(18176,'senators','6'),(18177,'terrify','6'),(18178,'sediment','6'),(18179,'ridicule','6'),(18180,'disrespectful','6'),(18181,'causing','6'),(18182,'median','6'),(18183,'sedentary','6'),(18184,'civilization','6'),(18185,'curable','6'),(18186,'married','6'),(18187,'hobbies','6'),(18188,'memories','6'),(18189,'bakeries','6'),(18190,'abilities','6'),(18191,'cranberries','6'),(18192,'authorities','6'),(18193,'pitied','6'),(18194,'replies','6'),(18195,'applying','6'),(18196,'carrying','6'),(18197,'butterflies','6'),(18198,'melodies','6'),(18199,'emptiness','6'),(18200,'noisiest','6'),(18201,'classified','6'),(18202,'cloudier','6'),(18203,'empties','6'),(18204,'personalities','6'),(18205,'facilities','6'),(18206,'hastily','6'),(18207,'sneakiest','6'),(18208,'grizzlies','6'),(18209,'harmonious','6'),(18210,'shakiness','6'),(18211,'orchard','6'),(18212,'flavor','6'),(18213,'accordion','6'),(18214,'worm','6'),(18215,'forty','6'),(18216,'corrugated','6'),(18217,'dinosaurs','6'),(18218,'inform','6'),(18219,'cursor','6'),(18220,'forming','6'),(18221,'armor','6'),(18222,'forgive','6'),(18223,'organ','6'),(18224,'chauffeur','6'),(18225,'authority','6'),(18226,'minor','6'),(18227,'warned','6'),(18228,'endorse','6'),(18229,'hickory','6'),(18230,'abnormal','6'),(18231,'terror','6'),(18232,'carnivore','6'),(18233,'boredom','6'),(18234,'rhetoric','6'),(18235,'inborn','6'),(18236,'niece','6'),(18237,'preschool','6'),(18238,'speak','6'),(18239,'region','6'),(18240,'belief','6'),(18241,'proceed','6'),(18242,'succeed','6'),(18243,'eager','6'),(18244,'reveal','6'),(18245,'ease','6'),(18246,'deduction','6'),(18247,'beach','6'),(18248,'received','6'),(18249,'released','6'),(18250,'centipede','6'),(18251,'pieces','6'),(18252,'siege','6'),(18253,'seized','6'),(18254,'relieve','6'),(18255,'reinforcement','6'),(18256,'sweeping','6'),(18257,'cheapest','6'),(18258,'seasons','6'),(18259,'readjust','6'),(18260,'feasible','6'),(18261,'office','6'),(18262,'crime','6'),(18263,'propose','6'),(18264,'dictionary','6'),(18265,'dictate','6'),(18266,'judicial','6'),(18267,'edict','6'),(18268,'officials','6'),(18269,'impose','6'),(18270,'poems','6'),(18271,'female','6'),(18272,'criminal','6'),(18273,'officers','6'),(18274,'agitation','6'),(18275,'preposition','6'),(18276,'convince','6'),(18277,'contradict','6'),(18278,'Resurrection','6'),(18279,'resurrect','6'),(18280,'agitated','6'),(18281,'oral','6'),(18282,'discrimination','6'),(18283,'invincible','6'),(18284,'judicious','6'),(18285,'feminine','6'),(18286,'bacteria','6'),(18287,'realistic','6'),(18288,'pneumonia','6'),(18289,'antiseptic','6'),(18290,'doctors','6'),(18291,'allergy','6'),(18292,'muscle','6'),(18293,'bandage','6'),(18294,'antibiotic','6'),(18295,'bifocals','6'),(18296,'respiration','6'),(18297,'nutrition','6'),(18298,'protein','6'),(18299,'immunity','6'),(18300,'coordination','6'),(18301,'circulatory','6'),(18302,'dietary','6'),(18303,'vitamins','6'),(18304,'calories','6'),(18305,'carbohydrates','6'),(18306,'therapist','6'),(18307,'minerals','6'),(18308,'influenza','6'),(18309,'carcinogen','6'),(18310,'pharmaceutical','6'),(18311,'cyclone','6'),(18312,'volume','6'),(18313,'truly','6'),(18314,'bureau','6'),(18315,'cylinder','6'),(18316,'anybody','6'),(18317,'meant','6'),(18318,'countryside','6'),(18319,'symmetry','6'),(18320,'syllable','6'),(18321,'cymbals','6'),(18322,'pleasurable','6'),(18323,'genius','6'),(18324,'weatherman','6'),(18325,'primitive','6'),(18326,'businesses','6'),(18327,'heights','6'),(18328,'gymnasium','6'),(18329,'gauge','6'),(18330,'friendlier','6'),(18331,'bureaucratic','6'),(18332,'hypocrisy','6'),(18333,'idiosyncrasy','6'),(18334,'rheumatism','6'),(18335,'Antarctica','6'),(18336,'Holland','6'),(18337,'Canada','6'),(18338,'Argentina','6'),(18339,'Peru','6'),(18340,'Brazil','6'),(18341,'France','6'),(18342,'Germany','6'),(18343,'Portugal','6'),(18344,'Spain','6'),(18345,'Iceland','6'),(18346,'Switzerland','6'),(18347,'Africa','6'),(18348,'Europe','6'),(18349,'Egypt','6'),(18350,'Iraq','6'),(18351,'Asia','6'),(18352,'Australia','6'),(18353,'India','6'),(18354,'Atlantic Ocean','6'),(18355,'Pacific Ocean','6'),(18356,'Israel','6'),(18357,'North America','6'),(18358,'South America','6'),(18359,'archaeologist','6'),(18360,'Russia','6'),(18361,'dream','3'),(18362,'drink','3'),(18363,'score','3'),(18364,'soft','3'),(18365,'left','3'),(18366,'dragon','3'),(18367,'drum','3'),(18368,'scared','3'),(18369,'scarf','3'),(18370,'gift','3'),(18371,'thank','3'),(18372,'bank','3'),(18373,'thick','3'),(18374,'cheese','3'),(18375,'finish','3'),(18376,'morning','3'),(18377,'chain','3'),(18378,'touch','3'),(18379,'shadow','3'),(18380,'smash','3'),(18381,'tooth','3'),(18383,'page','3'),(18384,'jam','3'),(18385,'pencil','3'),(18386,'silly','3'),(18387,'orange','3'),(18388,'jeans','3'),(18389,'joke','3'),(18390,'jelly','3'),(18391,'circle','3'),(18392,'cents','3'),(18393,'circus','3'),(18394,'friends','3'),(18395,'brushes','3'),(18396,'fixes','3'),(18397,'flies','3'),(18398,'tries','3'),(18399,'crackers','3'),(18400,'marches','3'),(18401,'stitches','3'),(18402,'rushes','3'),(18403,'mixes','3'),(18404,'ladies','3'),(18405,'parties','3'),(18406,'stated','3'),(18407,'starting','3'),(18408,'smiled','3'),(18409,'smiling','3'),(18410,'cried','3'),(18411,'crying','3'),(18412,'planning','3'),(18413,'hoped','3'),(18414,'hoping','3'),(18415,'fried','3'),(18416,'frying','3'),(18417,'hopped','3'),(18418,'hopping','3'),(18419,'smell','3'),(18420,'together','3'),(18421,'head','3'),(18422,'ready','3'),(18423,'instead','3'),(18424,'fresh','3'),(18426,'else','3'),(18427,'breakfast','3'),(18428,'dead','3'),(18429,'feather','3'),(18430,'bread','3'),(18431,'many','3'),(18432,'seem','3'),(18433,'week','3'),(18434,'idea','3'),(18435,'video','3'),(18436,'city','3'),(18437,'lucky','3'),(18438,'busy','3'),(18439,'Halloween','3'),(18440,'asleep','3'),(18441,'secret','3'),(18442,'began','3'),(18443,'today','3'),(18444,'camping','3'),(18445,'trail','3'),(18446,'aim','3'),(18447,'Maine','3'),(18448,'holiday','3'),(18449,'crayon','3'),(18450,'spray','3'),(18451,'socks','3'),(18452,'gold','3'),(18453,'ago','3'),(18454,'toast','3'),(18455,'monster','3'),(18456,'collar','3'),(18457,'Ohio','3'),(18458,'hello','3'),(18459,'coach','3'),(18460,'load','3'),(18461,'why','3'),(18462,'visit','3'),(18463,'picnic','3'),(18464,'winter','3'),(18465,'tight','3'),(18466,'resource','3'),(18467,'sparkle','3'),(18468,'sprout','3'),(18469,'grieve','3'),(18470,'janitor','3'),(18471,'tropical','3'),(18472,'found','3'),(18473,'until','3'),(18474,'sure','3'),(18475,'always','3'),(18476,'hasn\'t','3'),(18477,'almost','3'),(18478,'alone','3'),(18480,'angry','3'),(18481,'hungry','3'),(18482,'while','3'),(18483,'whale','3'),(18484,'wheel','3'),(18485,'whip','3'),(18487,'warm','3'),(18488,'want','3'),(18489,'watched','3'),(18490,'wear','3'),(18491,'whether','3'),(18492,'whisper','3'),(18493,'once','3'),(18494,'chance','3'),(18495,'face','3'),(18496,'trick','3'),(18497,'jacket','3'),(18498,'since','3'),(18499,'police','3'),(18500,'erase','3'),(18501,'bucket','3'),(18502,'ticket','3'),(18503,'locker','3'),(18504,'knife','3'),(18505,'wrong','3'),(18506,'wrote','3'),(18507,'listen','3'),(18508,'Christmas','3'),(18509,'knee','3'),(18510,'knight','3'),(18511,'knock','3'),(18512,'wrap','3'),(18513,'wrestle','3'),(18514,'castle','3'),(18515,'disgrace','3'),(18516,'disregard','3'),(18517,'dishonor','3'),(18518,'dispose','3'),(18519,'discard','3'),(18520,'displaced','3'),(18521,'displays','3'),(18522,'disbelief','3'),(18523,'disarm','3'),(18524,'display','3'),(18525,'disrepair','3'),(18526,'dismiss','3'),(18527,'disable','3'),(18528,'happen','3'),(18529,'pretty','3'),(18530,'letter','3'),(18531,'rabbit','3'),(18532,'hurry','3'),(18533,'million','3'),(18534,'balloon','3'),(18535,'ladder','3'),(18536,'puddle','3'),(18537,'hammer','3'),(18538,'cookie','3'),(18539,'put','3'),(18540,'enjoy','3'),(18541,'point','3'),(18542,'voice','3'),(18543,'foot','3'),(18544,'pull','3'),(18545,'royal','3'),(18546,'noise','3'),(18547,'oil','3'),(18548,'choice','3'),(18549,'study','3'),(18550,'summer','3'),(18551,'such','3'),(18552,'due','3'),(18553,'move','3'),(18554,'truck','3'),(18556,'glue','3'),(18557,'clue','3'),(18558,'lose','3'),(18559,'movie','3'),(18560,'walking','3'),(18561,'talk','3'),(18562,'drawing','3'),(18563,'straw','3'),(18564,'claws','3'),(18565,'fault','3'),(18566,'chalk','3'),(18567,'stalk','3'),(18568,'lawn','3'),(18569,'thaw','3'),(18570,'sauce','3'),(18571,'haunted','3'),(18572,'cause','3'),(18573,'friend','3'),(18574,'thought','3'),(18575,'again','3'),(18577,'believe','3'),(18578,'tried','3'),(18579,'died','3'),(18582,'surprise','3'),(18583,'survey','3'),(18584,'survive','3'),(18585,'surge','3'),(18586,'surgery','3'),(18587,'surplus','3'),(18588,'surfing','3'),(18589,'surviving','3'),(18590,'surrounds','3'),(18591,'surname','3'),(18592,'surfboard','3'),(18593,'surf','3'),(18594,'survivor','3'),(18595,'unhappy','3'),(18596,'unsafe','3'),(18597,'unlucky','3'),(18598,'restart','3'),(18599,'rewrite','3'),(18600,'replay','3'),(18601,'reread','3'),(18602,'untie','3'),(18603,'unfold','3'),(18604,'unwrap','3'),(18605,'unpack','3'),(18606,'repay','3'),(18607,'refill','3'),(18608,'repaint','3'),(18609,'careful','3'),(18610,'beautiful','3'),(18611,'wonderful','3'),(18612,'really','3'),(18613,'finally','3'),(18614,'sadness','3'),(18615,'happiness','3'),(18616,'helpful','3'),(18617,'graceful','3'),(18618,'sadly','3'),(18619,'lively','3'),(18620,'happily','3'),(18621,'kindness','3'),(18622,'sickness','3'),(18623,'heard','3'),(18624,'word','3'),(18625,'fur','3'),(18626,'search','3'),(18627,'third','3'),(18628,'dirt','3'),(18629,'nurse','3'),(18630,'turkey','3'),(18631,'Thursday','3'),(18632,'world','3'),(18633,'America','3'),(18634,'pair','3'),(18635,'hair','3'),(18636,'near','3'),(18637,'year','3'),(18638,'stereo','3'),(18639,'fair','3'),(18640,'stairs','3'),(18641,'fear','3'),(18642,'clear','3'),(18643,'steer','3'),(18644,'afternoon','3'),(18645,'homework','3'),(18646,'outside','3'),(18647,'everybody','3'),(18648,'backyard','3'),(18649,'popcorn','3'),(18650,'everyone','3'),(18651,'anyone','3'),(18652,'patchwork','3'),(18653,'backpack','3'),(18654,'saucepan','3'),(18655,'how\'s','3'),(18656,'it\'s','3'),(18657,'haven\'t','3'),(18658,'aren\'t','3'),(18659,'they\'ve','3'),(18660,'you\'ll','3'),(18661,'they\'ll','3'),(18662,'we\'ll','3'),(18663,'isn\'t','3'),(18664,'who\'ll','3'),(18665,'he\'ll','3'),(18666,'what\'ll','3'),(18667,'wagon','3'),(18668,'garden','3'),(18669,'sugar','3'),(18670,'paper','3'),(18671,'travel','3'),(18672,'animal','3'),(18673,'lemon','3'),(18674,'dollar','3'),(18675,'squirrel','3'),(18676,'nickel','3'),(18677,'final','3'),(18678,'farmer','3'),(18679,'reader','3'),(18680,'player','3'),(18681,'visitor','3'),(18682,'sailor','3'),(18683,'finalist','3'),(18684,'painter','3'),(18685,'waiter','3'),(18686,'hunter','3'),(18687,'inventor','3'),(18688,'violinist','3'),(18689,'tourist','3'),(18690,'special','3'),(18691,'real','3'),(18692,'being','3'),(18693,'laugh','3'),(18694,'caterpillar','3'),(18695,'cousin','3'),(18696,'chocolate','3'),(18697,'dinosaur','3'),(18699,'clothes','3'),(18700,'remarked','3'),(18701,'remark','3'),(18702,'review','3'),(18703,'recess','3'),(18704,'remain','3'),(18705,'reduce','3'),(18706,'report','3'),(18707,'remove','3'),(18708,'replace','3'),(18709,'recall','3'),(18710,'recycle','3'),(18711,'remind','3'),(18712,'respect','3'),(18713,'record','3'),(18714,'returned','3'),(18715,'Earth','3'),(18716,'planets','3'),(18717,'Mercury','3'),(18718,'Venus','3'),(18719,'Mars','3'),(18720,'Saturn','3'),(18721,'astronauts','3'),(18722,'Uranus','3'),(18723,'Jupiter','3'),(18724,'jump','3'),(18726,'ask','3'),(18727,'goes','3'),(18728,'small','3'),(18729,'help','3'),(18730,'green','3'),(18731,'buy','3'),(18732,'yellow','3'),(18733,'clean','3'),(18734,'myself','3'),(18735,'gave','3'),(18736,'ride','3'),(18737,'full','3'),(18738,'sing','3'),(18739,'hold','3'),(18740,'longer','3'),(18741,'carry','3'),(18742,'eight','3'),(18743,'funny','3'),(18744,'grow','3'),(18745,'happy','3'),(18746,'cut','3'),(18747,'round','3'),(18748,'set','3'),(18749,'anything','3'),(18750,'woman','3'),(18751,'wash','3'),(18752,'around','3'),(18753,'early','3'),(18754,'love','3'),(18755,'weather','3'),(18756,'along','3'),(18757,'fire','3'),(18758,'hope','3'),(18759,'yesterday','3'),(18760,'fine','3'),(18761,'delighted','3'),(18762,'lightning','3'),(18763,'slightly','3'),(18764,'lightly','3'),(18765,'slight','3'),(18766,'fright','3'),(18767,'tighten','3'),(18768,'height','3'),(18769,'delight','3'),(18770,'nights','3'),(18771,'lights','3'),(18772,'flights','3'),(18773,'unsure','3'),(18774,'uneven','3'),(18775,'unzip','3'),(18776,'undone','3'),(18777,'unlock','3'),(18778,'unscrew','3'),(18779,'untrue','3'),(18780,'unusual','3'),(18781,'unseen','3'),(18782,'uncooked','3'),(18783,'unjust','3'),(18784,'uncommon','3'),(18785,'measured','3'),(18786,'treasure','3'),(18787,'measure','3'),(18788,'pleasure','3'),(18789,'measurements','3'),(18790,'measurement','3'),(18791,'displeasure','3'),(18792,'treasures','3'),(18793,'measures','3'),(18794,'treasurer','3'),(18795,'freeway','3'),(18796,'expressway','3'),(18797,'astray','3'),(18798,'everyday','3'),(18799,'prepay','3'),(18800,'pray','3'),(18801,'throughway','3'),(18802,'driveway','3'),(18803,'portray','3'),(18804,'betray','3'),(18805,'sway','3'),(18806,'essay','3'),(18807,'relay','3'),(18808,'delay','3'),(18809,'Dad loves Eliza','1'),(18812,'Dad loves Eliza','1'),(18823,'mow','1'),(18825,'Dad loves Eliza','2'),(18826,'Test1','2');
/*!40000 ALTER TABLE `words` ENABLE KEYS */;
UNLOCK TABLES;
/*!40103 SET TIME_ZONE=@OLD_TIME_ZONE */;

/*!40101 SET SQL_MODE=@OLD_SQL_MODE */;
/*!40014 SET FOREIGN_KEY_CHECKS=@OLD_FOREIGN_KEY_CHECKS */;
/*!40014 SET UNIQUE_CHECKS=@OLD_UNIQUE_CHECKS */;
/*!40101 SET CHARACTER_SET_CLIENT=@OLD_CHARACTER_SET_CLIENT */;
/*!40101 SET CHARACTER_SET_RESULTS=@OLD_CHARACTER_SET_RESULTS */;
/*!40101 SET COLLATION_CONNECTION=@OLD_COLLATION_CONNECTION */;
/*!40111 SET SQL_NOTES=@OLD_SQL_NOTES */;

-- Dump completed on 2014-11-14 10:17:46
